text,label
"(['Breast cancer is one of the leading causes of cancer death worldwide. Recently, the computer-aided diagnosis and detection technique has been developed for the early diagnosis of breast cancer, but the diagnostic efficiency has still been a challenging issue. For this reason, we aim to improve the breast cancer diagnostic accuracy and reduce the workload of doctors in this paper by devising a deep learning framework based on histological image. Therefore, we develop a model of multi-level feature of dual-network combined with sparse multi-relation regularized learning method, which enhances the classification performance and robustness. Specifically, first, we preprocess the histological images using scale transformation and color enhancement methods. Second, the multi-level features are extracted from preprocessed images using InceptionV3-ML and ResNet-50 networks. Third, the feature selection method via sparse multi-relation regularization is further developed for performance boosting and overfitting reduction. We evaluate the proposed method based on the public ICIAR 2018 Challenge dataset of breast cancer histology images. Experimental results show that our method has achieved promising performance and outperformed the related works.'], 'Breast Cancer Image Classification via Multi-level Dual-network Features and Sparse Multi-Relation Regularized Learning.')",deep_learning
"(['Understanding the relationship between the structure of light-harvesting systems and their excitation energy transfer properties is of fundamental importance in many applications including the development of next generation photovoltaics. Natural light harvesting in photosynthesis shows remarkable excitation energy transfer properties, which suggests that pigment-protein complexes could serve as blueprints for the design of nature inspired devices. Mechanistic insights into energy transport dynamics can be gained by leveraging numerically involved propagation schemes such as the hierarchical equations of motion (HEOM). Solving these equations, however, is computationally costly due to the adverse scaling with the number of pigments. Therefore virtual high-throughput screening, which has become a powerful tool in material discovery, is less readily applicable for the search of novel excitonic devices. We propose the use of artificial neural networks to bypass the computational limitations of established techniques for exploring the structure-dynamics relation in excitonic systems. Once trained, our neural networks reduce computational costs by several orders of magnitudes. Our predicted transfer times and transfer efficiencies exhibit similar or even higher accuracies than frequently used approximate methods such as secular Redfield theory.'], 'Machine learning for quantum dynamics: deep learning of excitation energy transfer properties.')",deep_learning
"(['Diabetic Retinopathy (DR) is a disease which affect the vision ability. The observation by an ophthalmologist usually conducted by analyzing the retinal images of the patient which are marked by some DR features. However some misdiagnosis are usually found due to human error. Here, a deep learning-based low-cost embedded system is established to assist the doctor for grading the severity of the DR from the retinal images. A compact deep learning algorithm named Deep-DR-Net which fits on a small embedded board is afterwards proposed for such purposes. In the heart of Deep-DR-Net, a cascaded encoder-classifier network is arranged using residual style for ensuring the small model size. The usage of different types of convolutional layers subsequently guarantees the features richness of the network for differentiating the grade of the DR. Experimental results show the capability of the proposed system for detecting the existence as well as grading the severity of the DR symptomps.'], 'Deep learning-based Diabetic Retinopathy assessment on embedded system.')",deep_learning
"(['In this study, we show that landmark detection or face alignment task is not a single and independent problem. Instead, its robustness can be greatly improved with auxiliary information. Specifically, we jointly optimize landmark detection together with the recognition of heterogeneous but subtly correlated facial attributes, such as gender, expression, and appearance attributes. This is non-trivial since different attribute inference tasks have different learning difficulties and convergence rates. To address this problem, we formulate a novel tasks-constrained deep model, which not only learns the inter-task correlation but also employs dynamic task coefficients to facilitate the optimization convergence when learning multiple complex tasks. Extensive evaluations show that the proposed task-constrained learning (i) outperforms existing face alignment methods, especially in dealing with faces with severe occlusion and pose variation, and (ii) reduces model complexity drastically compared to the state-of-the-art methods based on cascaded deep model.'], 'Learning Deep Representation for Face Alignment with Auxiliary Attributes.')",deep_learning
"([""Synthesizing realistic profile faces is beneficial for more efficiently training deep pose-invariant models for large-scale unconstrained face recognition, by augmenting the number of samples with extreme poses and avoiding costly annotation work. However, learning from synthetic faces may not achieve the desired performance due to the discrepancy betwedistributions of the synthetic and real face images. To narrow this gap, we propose a Dual-Agent Generative Adversarial Network (DA-GAN) model, which can improve the realism of a face simulator's output using unlabeled real faces while preserving the identity information during the realism refinement. The dual agents are specially designed for distinguishing real versus fake and identities simultaneously. In particular, we employ an off-the-shelf 3D face model as a simulator to generate profile face images with varying poses. DA-GAN leverages a fully convolutional network as the generator to generate high-resolution images and an auto-encoder as the discriminator with the dual agents. Besides the novel architecture, we make several key modifications to the standard GAN to preserve pose, texture as well as identity, and stabilize the training process: (i) a pose perception loss; (ii) an identity perception loss; (iii) an adversarial loss with a boundary equilibrium regularization term. Experimental results show that DA-GAN not only achieves outstanding perceptual results but also significantly outperforms state-of-the-arts on the large-scale and challenging NIST IJB-A and CFP unconstrained face recognition benchmarks. In addition, the proposed DA-GAN is also a promising new approach for solving generic transfer learning problems more effectively. DA-GAN is the foundation of our winning entry to the NIST IJB-A face recognition competition in which we secured the $1^{st}$ places on the tracks of verification and identification.""], '3D-Aided Dual-Agent GANs for Unconstrained Face Recognition.')",deep_learning
"([""Current approaches for accurate identification, classification, and quantification of biotic and abiotic stresses in crop research and production are predominantly visual and require specialized training. However, such techniques are hindered by subjectivity resulting from inter- and intrarater cognitive variability. This translates to erroneous decisions and a significant waste of resources. Here, we demonstrate a machine learning framework's ability to identify and classify a diverse set of foliar stresses in soybean [Glycine max (L.) Merr.] with remarkable accuracy. We also present an explanation mechanism, using the top-K high-resolution feature maps that isolate the visual symptoms used to make predictions. This unsupervised identification of visual symptoms provides a quantitative measure of stress severity, allowing for identification (type of foliar stress), classification (low, medium, or high stress), and quantification (stress severity) in a single framework without detailed symptom annotation by experts. We reliably identified and classified several biotic (bacterial and fungal diseases) and abiotic (chemical injury and nutrient deficiency) stresses by learning from over 25,000 images. The learned model is robust to input image perturbations, demonstrating viability for high-throughput deployment. We also noticed that the learned model appears to be agnostic to species, seemingly demonstrating an ability of transfer learning. The availability of an explainable model that can consistently, rapidly, and accurately identify and quantify foliar stresses would have significant implications in scientific research, plant breeding, and crop production. The trained model could be deployed in mobile platforms (e.g., unmanned air vehicles and automated ground scouts) for rapid, large-scale scouting or as a mobile application for real-time detection of stress by farmers and researchers.""], 'An explainable deep machine vision framework for plant stress phenotyping.')",deep_learning
"([""Deep brain stimulation of the subthalamic nucleus (STN DBS) is an increasingly common treatment for Parkinson's disease. Qualitative reviews have concluded that diminished verbal fluency is common after STN DBS, but that changes in global cognitive abilities, attention, executive functions, and memory are only inconsistently observed and, when present, often nominal or transient. We did a quantitative meta-analysis to improve understanding of the variability and clinical significance of cognitive dysfunction after STN DBS.""], ""Cognitive sequelae of subthalamic nucleus deep brain stimulation in Parkinson's disease: a meta-analysis."")",deep_learning
"(['Deep learning has recently been applied to electrical impedance tomography (EIT) imaging. Nevertheless, there are still many challenges that this approach has to face, e.g., targets with sharp corners or edges cannot be well recovered when using circular inclusion training data. This paper proposes an iterative-based inversion method and a convolutional neural network (CNN) based inversion method to recover some challenging inclusions such as triangular, rectangular, or lung shapes, where the CNN-based method uses only random circle or ellipse training data.'], 'Dominant-Current Deep Learning Scheme for Electrical Impedance Tomography.')",deep_learning
"(['In an effort to develop quantitative biomarkers for degenerative joint disease and fill the void that exists for diagnosing, monitoring, and assessing the extent of whole joint degeneration, the past decade has been marked by a greatly increased role of noninvasive imaging. This coupled with recent advances in image processing and deep learning opens new possibilities for promising quantitative techniques. The clinical translation of quantitative imaging was previously hampered by tedious non-scalable and subjective image analysis. Osteoarthritis (OA) diagnosis using X-rays can be automated by the use of deep learning models and pilot studies showed feasibility of using similar techniques to reliably segment multiple musculoskeletal tissues and detect and stage the severity of morphological abnormalities in magnetic resonance imaging (MRI). Automation and more advanced feature extraction techniques have applications on larger more heterogeneous samples. Analyses based on voxel based relaxometry have shown local patterns in relaxation time elevations and local correlations with outcome variables. Bone cartilage interactions are also enhanced by the analysis of three-dimensional bone morphology and the potential for the assessment of metabolic activity with simultaneous Positron Emission Tomography (PET)/MR systems. Novel techniques in image processing and deep learning are augmenting imaging to be a source of quantitative and reliable data and new multidimensional analytics allow us to exploit the interactions of data from various sources. In this review, we aim to summarize recent advances in quantitative imaging, the application of image processing and deep learning techniques to study knee and hip OA. ©2018 Orthopaedic Research Society. Published by Wiley Periodicals, Inc. J Orthop Res XX:XX-XX, 2018.'], 'Translation of morphological and functional musculoskeletal imaging.')",deep_learning
"(['The important role of microRNAs (miRNAs) in the formation, development, diagnosis, and treatment of diseases has attracted much attention among researchers recently. In this study, we present an unsupervised deep learning model of the variational autoencoder for MiRNA-disease association prediction (VAEMDA). Through combining the integrated miRNA similarity and the integrated disease similarity with known miRNA-disease associations, respectively, we constructed two spliced matrices. These matrices were applied to train the variational autoencoder (VAE), respectively. The final predicted association scores between miRNAs and diseases were obtained by integrating the scores from the two trained VAE models. Unlike previous models, VAEMDA can avoid noise introduced by the random selection of negative samples and reveal associations between miRNAs and diseases from the perspective of data distribution. Compared with previous methods, VAEMDA obtained higher area under the receiver operating characteristics curves (AUCs) of 0.9118, 0.8652, and 0.9091 ± 0.0065 in global leave-one-out cross validation (LOOCV), local LOOCV, and five-fold cross validation, respectively. Further, the AUCs of VAEMDA were 0.8250 and 0.8237 in global leave-one-disease-out cross validation (LODOCV), and local LODOCV, respectively. In three different types of case studies on three important diseases, the results showed that most of the top 50 potentially associated miRNAs were verified by databases and the literature.'], 'Prediction of Potential miRNA-Disease Associations Through a Novel Unsupervised Deep Learning Framework with Variational Autoencoder.')",deep_learning
"(['Attention Deficit Hyperactivity Disorder (ADHD) is one of the most prevalent neuropsychiatric disorders in childhood and adolescence and its diagnosis is based on clinical interviews, symptom questionnaires, and neuropsychological testing. Much research effort has been undertaken to evaluate the usefulness of neurophysiological (EEG) data to aid this diagnostic process. In the current study, we applied deep learning methods on event-related EEG data to examine whether it is possible to distinguish ADHD patients from healthy controls using purely neurophysiological measures. The same was done to distinguish between ADHD subtypes. The results show that the applied deep learning model (""EEGNet"") was able to distinguish between both ADHD subtypes and healthy controls with an accuracy of up to 83%. However, a significant fraction of individuals could not be classified correctly. It is shown that neurophysiological processes indicating attentional selection associated with superior parietal cortical areas were the most important for that. Using the applied deep learning method, it was not possible to distinguish ADHD subtypes from each other. This is the first study showing that deep learning methods applied to EEG data are able to dissociate between ADHD patients and healthy controls. The results show that the applied method reflects a promising means to support clinical diagnosis in ADHD. However, more work needs to be done to increase the reliability of the taken approach.'], 'Deep Learning Based on Event-Related EEG Differentiates Children with ADHD from Healthy Controls.')",deep_learning
"([""What is memory? How does the brain process the sensory information and modify an organism's behavior? Many neuroscientists have focused on the activity- and experience-dependent modifications of synaptic functions in order to solve these fundamental questions in neuroscience. Recently, the plasticity of intrinsic excitability (called intrinsic plasticity) has emerged as an important element for information processing and storage in the brain. As the cerebellar Purkinje cells are the sole output neurons in the cerebellar cortex and the information is conveyed from a neuron to its relay neurons by forms of action potential firing, the modulation of the intrinsic firing activity may play a critical role in the cerebellar learning. Many voltage-gated and/or Ca2+-activated ion channels are involved in shaping the spiking output as well as integrating synaptic inputs to finely tune the cerebellar output. Recent studies suggested that the modulation of the intrinsic excitability and its plasticity in the cerebellar Purkinje cells might function as an integrator for information processing and memory formation. Moreover, the intrinsic plasticity might also determine the strength of connectivity to the sub-cortical areas such as deep cerebellar nuclei and vestibular nuclei to trigger the consolidation of the cerebellar-dependent memory by transferring the information.""], 'The Emerging Concept of Intrinsic Plasticity: Activity-dependent Modulation of Intrinsic Excitability in Cerebellar Purkinje Cells and Motor Learning.')",deep_learning
"(['To investigate the feasibility of a deep learning-based detection (DLD) system for multiclass lesions on chest radiograph, in comparison with observers.'], 'Deep learning-based detection system for multiclass lesions on chest radiographs: comparison with observer readings.')",deep_learning
"(['The growing interests in multiway data analysis and deep learning have drawn tensor factorization (TF) and neural network (NN) as the crucial topics. Conventionally, the NN model is estimated from a set of one-way observations. Such a vectorized NN is not generalized for learning the representation from multiway observations. The classification performance using vectorized NN is constrained, because the temporal or spatial information in neighboring ways is disregarded. More parameters are required to learn the complicated data structure. This paper presents a new tensor-factorized NN (TFNN), which tightly integrates TF and NN for multiway feature extraction and classification under a unified discriminative objective. This TFNN is seen as a generalized NN, where the affine transformation in an NN is replaced by the multilinear and multiway factorization for tensor-based NN. The multiway information is preserved through layerwise factorization. Tucker decomposition and nonlinear activation are performed in each hidden layer. The tensor-factorized error backpropagation is developed to train TFNN with the limited parameter size and computation time. This TFNN can be further extended to realize the convolutional TFNN (CTFNN) by looking at small subtensors through the factorized convolution. Experiments on real-world classification tasks demonstrate that TFNN and CTFNN attain substantial improvement when compared with an NN and a convolutional NN, respectively.'], 'Tensor-Factorized Neural Networks.')",deep_learning
"(['Highly accurate classification of biomedical images is an essential task in the clinical diagnosis of numerous medical diseases identified from those images. Traditional image classification methods combined with hand-crafted image feature descriptors and various classifiers are not able to effectively improve the accuracy rate and meet the high requirements of classification of biomedical images. The same also holds true for artificial neural network models directly trained with limited biomedical images used as training data or directly used as a black box to extract the deep features based on another distant dataset. In this study, we propose a highly reliable and accurate end-to-end classifier for all kinds of biomedical images via deep learning and transfer learning.'], 'A novel end-to-end classifier using domain transferred deep convolutional neural networks for biomedical images.')",deep_learning
"(['Planning of radiotherapy involves accurate segmentation of a large number of organs at risk (OAR), i.e., organs for which irradiation doses should be minimized to avoid important side effects of the therapy. We propose a deep learning method for segmentation of OAR inside the head, from magnetic resonance images (MRIs). Our system performs segmentation of eight structures: eye, lens, optic nerve, optic chiasm, pituitary gland, hippocampus, brainstem, and brain. We propose an efficient algorithm to train neural networks for an end-to-end segmentation of multiple and nonexclusive classes, addressing problems related to computational costs and missing ground truth segmentations for a subset of classes. We enforce anatomical consistency of the result in a postprocessing step. In particular, we introduce a graph-based algorithm for segmentation of the optic nerves, enforcing the connectivity between the eyes and the optic chiasm. We report cross-validated quantitative results on a database of 44 contrast-enhanced T1-weighted MRIs with provided segmentations of the considered OAR, which were originally used for radiotherapy planning. In addition, the segmentations produced by our model on an independent test set of 50 MRIs were evaluated by an experienced radiotherapist in order to qualitatively assess their accuracy. The mean distances between produced segmentations and the ground truth ranged from 0.1 to 0.7\xa0mm across different organs. A vast majority (96%) of the produced segmentations were found acceptable for radiotherapy planning.'], 'Anatomically consistent CNN-based segmentation of organs-at-risk in cranial radiotherapy.')",deep_learning
"(['Rotating machinery usually suffers from a type of fault, where the fault feature extracted in the frequency domain is significant, while the fault feature extracted in the time domain is insignificant. For this type of fault, a deep learning-based fault diagnosis method developed in the frequency domain can reach high accuracy performance without real-time performance, whereas a deep learning-based fault diagnosis method developed in the time domain obtains real-time diagnosis with lower diagnosis accuracy. In this paper, a multimodal feature fusion-based deep learning method for accurate and real-time online diagnosis of rotating machinery is proposed. The proposed method can directly extract the potential frequency of abnormal features involved in the time domain data. Firstly, multimodal features corresponding to the original data, the slope data, and the curvature data are firstly extracted by three separate deep neural networks. Then, a multimodal feature fusion is developed to obtain a new fused feature that can characterize the potential frequency feature involved in the time domain data. Lastly, the fused new feature is used as the input of the Softmax classifier to achieve a real-time online diagnosis result from the frequency-type fault data. A simulation experiment and a case study of the bearing fault diagnosis confirm the high efficiency of the method proposed in this paper.'], 'A Multimodal Feature Fusion-Based Deep Learning Method for Online Fault Diagnosis of Rotating Machinery.')",deep_learning
"(['Inspired by the success of deep learning techniques in the physical and chemical sciences, we apply a modification of an autoencoder type deep neural network to the task of dimension reduction of molecular dynamics data. We can show that our time-lagged autoencoder reliably finds low-dimensional embeddings for high-dimensional feature spaces which capture the slow dynamics of the underlying stochastic processes-beyond the capabilities of linear dimension reduction techniques.'], 'Time-lagged autoencoders: Deep learning of slow collective variables for molecular kinetics.')",deep_learning
"(['Experiment 1 examined the time course of orthographic learning among Grade 3 children. A single encounter with a novel orthographic string was sufficient to produce reliable recall of orthographic detail. Moreover, newly acquired orthographic information was retained 1 month later. These data support the logistic learning functions featured in contemporary connectionist models of reading rather than a ""threshold"" model of orthographic learning. Experiments 2 and 3 examined self-teaching among novice readers. In contrast to the findings from less regular orthographies such as English and Dutch, beginning readers of a highly regular orthography (Hebrew) appear to be relatively insensitive to word-specific orthographic detail, reading in a nonlexical ""surface"" fashion. These results suggest fundamental differences between shallow and deep orthographies in the development of orthographic sensitivity.'], 'Orthographic learning at a glance: on the time course and developmental onset of self-teaching.')",deep_learning
"([], 'Artificial intelligence in stroke care: Deep learning or superficial insight?')",deep_learning
"(['Rain streaks, particularly in heavy rain, not only degrade visibility but also make many computer vision algorithms fail to function properly. In this paper, we address this visibility problem by focusing on single-image rain removal, even in the presence of dense rain streaks and rain-streak accumulation, which is visually similar to mist or fog. To achieve this, we introduce a new rain model and a deep learning architecture. Our rain model incorporates a binary rain map indicating rain-streak regions, and accommodates various shapes, directions, and sizes of overlapping rain streaks, as well as rain accumulation, to model heavy rain. Based on this model, we construct a multi-task deep network, which jointly learns three targets: the binary rain-streak map, rain streak layers, and clean background, which is our ultimate output. To generate features that can be invariant to rain steaks, we introduce a contextual dilated network, which is able to exploit regional contextual information. To handle various shapes and directions of overlapping rain streaks, our strategy is to utilize a recurrent process that progressively removes rain streaks. Our binary map provides a constraint and thus additional information to train our network. Extensive evaluation on real images, particularly in heavy rain, shows the effectiveness of our model and architecture.'], 'Joint Rain Detection and Removal from a Single Image with Contextualized Deep Networks.')",deep_learning
"(['To evaluate the efficacy of a deep-learning model to segment the lung and thorax regions in pediatric chest X-rays (CXRs). Validating the diagnosis of bacterial or viral pneumonia could be improved after lung segmentation.'], 'Using deep-learning techniques for pulmonary-thoracic segmentations and improvement of pneumonia diagnosis in pediatric chest radiographs.')",deep_learning
"([""Many studies have explored approaches to learning in medical school, mostly in the classroom setting. In the clinical setting, students face different conditions that may affect their learning. Understanding students' approaches to learning is important to improve learning in the clinical setting. The aim of this study was to evaluate the Study Process Questionnaire (SPQ) as an instrument for measuring clinical learning in medical education and also to show whether learning approaches vary between rotations.""], ""Measuring students' approaches to learning in different clinical rotations."")",deep_learning
"(['Canonical π-helices are short, relatively unstable secondary structure elements found in proteins. They comprise seven or more residues and are present in 15% of all known protein structures, often in functionally important regions such as ligand- and ion-binding sites. Given their similarity to α-helices, the prediction of π-helices is a challenging task and none of the currently available secondary structure prediction methods tackle it. Here, we present PiPred, a neural network-based tool for predicting π-helices in protein sequences. By performing a rigorous benchmark we show that PiPred can detect π-helices with a per-residue precision of 48% and sensitivity of 46%. Interestingly, some of the α-helices mispredicted by PiPred as π-helices exhibit a geometry characteristic of π-helices. Also, despite being trained only with canonical π-helices, PiPred can identify 6-residue-long α/π-bulges. These observations suggest an even higher effective precision of the method and demonstrate that π-helices, α/π-bulges, and other helical deformations may impose similar constraints on sequences. PiPred is freely accessible at: https://toolkit.tuebingen.mpg.de/#/tools/quick2d . A standalone version is available for download at: https://github.com/labstructbioinf/PiPred , where we also provide the CB6133, CB513, CASP10, and CASP11 datasets, commonly used for training and validation of secondary structure prediction methods, with correctly annotated π-helices.'], 'PiPred - a deep-learning method for prediction of π-helices in protein sequences.')",deep_learning
"([""Face symmetrization has extensive applications in both medical and academic fields, such as facial disorder diagnosis. Human face possesses an important characteristic, which is as known as symmetry. However, in many scenarios, the perfect symmetry doesn't exist in human faces, which yields a large number of studies around this topic. For example, facial palsy evaluation, facial beauty evaluation based on facial symmetry analysis, and many among others. Currently, there are still very limited researches dedicated for automatic facial symmetrization. Most of the existing studies only utilized their own implantations for facial symmetrization to assist their interdisciplinary academic researches. Limitations thus can be noticed in their methods, such as the requirements for manual interventions. Furthermore, most existing methods utilize facial landmark detection algorithms for automatic facial symmetrization. Though accuracies of the landmark detection algorithms are promising, the uncontrolled conditions in the facial images can still negatively impact the performance of the symmetrical face production. To this end, this paper presents a joint-loss enhanced deep generative network model for automatic facial symmetrization, which is achieved by a full facial image analysis. The joint-loss consists of a pair of adversarial losses and an identity loss. The adversarial losses try to make the generated symmetrical face as realistic as possible, while the identity loss helps to constrain the output to have the same identity of the person in the original input as much as possible. Rather than an end-to-end learning strategy, the proposed model is constructed by a multi-stage training process, which avoids the demand for a large size of the symmetrical face as training data. Experiments are conducted with comparisons with several existing methods based on some of the most popular facial landmark detection algorithms. Competitive results of the proposed method are demonstrated.""], 'A hierarchically trained generative network for robust facial symmetrization.')",deep_learning
"(['The etiological underpinnings of many CNS disorders are not well understood. This is likely due to the fact that individual diseases aggregate numerous pathological subtypes, each associated with a complex landscape of genetic risk factors. To overcome these challenges, researchers are integrating novel data types from numerous patients, including imaging studies capturing broadly applicable features from patient-derived materials. These datasets, when combined with machine learning, potentially hold the power to elucidate the subtle patterns that stratify patients by shared pathology. In this study, we interrogated whether high-content imaging of primary skin fibroblasts, using the Cell Painting method, could reveal disease-relevant information among patients. First, we showed that technical features such as batch/plate type, plate, and location within a plate lead to detectable nuisance signals, as revealed by a pre-trained deep neural network and analysis with deep image embeddings. Using a plate design and image acquisition strategy that accounts for these variables, we performed a pilot study with 12 healthy controls and 12 subjects affected by the severe genetic neurological disorder spinal muscular atrophy (SMA), and evaluated whether a convolutional neural network (CNN) generated using a subset of the cells could distinguish disease states on cells from the remaining unseen control-SMA pair. Our results indicate that these two populations could effectively be differentiated from one another and that model selectivity is insensitive to batch/plate type. One caveat is that the samples were also largely separated by source. These findings lay a foundation for how to conduct future studies exploring diseases with more complex genetic contributions and unknown subtypes.'], 'Applying Deep Neural Network Analysis to High-Content Image-Based Assays.')",deep_learning
"(['Female Culicoides sonorensis biting midges are vectors of epizootic hemorrhagic disease virus (EHDV), which causes morbidity and mortality in wild and domesticated ruminants. The aims in this study were to identify key changes in female midge transcriptome profiles occurring during early infection with EHDV-2. Midges were fed either negative control bloodmeals or bloodmeals containing EHDV-2 and transcriptomes were acquired at 36 h through deep sequencing. Reads were de novo assembled into a transcriptome comprised of 18,754 unigenes. Overall, there were 2401 differentially expressed unigenes and ~60% were downregulated in response to the virus (953 up; 1448 down). Downstream Gene Ontology enrichment, KEGG pathway mapping, and manual analyses were used to identify the effect of virus ingestion at both the gene and pathway levels. Downregulated unigenes were predominantly assigned to pathways related to cell/tissue structure and integrity (actin cytoskeleton, adherens junction, focal adhesion, hippo signaling), calcium signaling, eye morphogenesis and axon guidance. Unigenes attributed to sensory functions (especially vision), behavior, learning and memory were largely downregulated. Upregulated unigenes included those coding for innate immune processes, olfaction and photoreceptor pigments. Our results suggest that midges respond to virus infection as soon as 36 h post-ingestion, and that EHDV-2 may have a significant phenotypic effect on sensory and neural tissues.'], 'Transcriptome Response of Female Culicoides sonorensis Biting Midges (Diptera: Ceratopogonidae) to Early Infection with Epizootic Hemorrhagic Disease Virus (EHDV-2).')",deep_learning
"(['Deep learning based methods have improved the estimation of tissue microstructure from diffusion magnetic resonance imaging\xa0(dMRI) scans acquired with a reduced number of diffusion gradients. These methods learn the mapping from diffusion signals in a voxel or patch to tissue microstructure measures. In particular, it is beneficial to exploit the sparsity of diffusion signals jointly in the spatial and angular domains, and the deep network can be designed by unfolding iterative processes that adaptively incorporate historical information for sparse reconstruction. However, the number of network parameters is huge in such a network design, which could increase the difficulty of network training and limit the estimation performance. In addition, existing deep learning based approaches to tissue microstructure estimation do not provide the important information about the uncertainty of estimates. In this work, we continue the exploration of tissue microstructure estimation using a deep network and seek to address these limitations. First, we explore the sparse representation of diffusion signals with a separable spatial-angular dictionary and design an improved deep network for tissue microstructure estimation. The procedure for updating the sparse code associated with the separable dictionary is derived and unfolded to construct the deep network. Second, with the formulation of sparse representation of diffusion signals, we propose to quantify the uncertainty of network outputs with a residual bootstrap strategy. Specifically, because of the sparsity constraint in the signal representation, we perform a Lasso bootstrap strategy for uncertainty quantification. Experiments were performed on brain dMRI scans with a reduced number of diffusion gradients, where the proposed method was applied to two representative biophysical models for describing tissue microstructure and compared with state-of-the-art methods of tissue microstructure estimation. The results show that our approach compares favorably with the competing methods in terms of estimation accuracy. In addition, the uncertainty measures provided by our method correlate with estimation errors and produce reasonable confidence intervals; these results suggest potential application of the proposed uncertainty quantification method in brain studies.'], 'An improved deep network for tissue microstructure estimation with uncertainty quantification.')",deep_learning
"(['Artificial intelligence, such as convolutional neural networks (CNNs), has been used in the interpretation of images and the diagnosis of hepatocellular cancer (HCC) and liver masses. CNN, a machine-learning algorithm similar to deep learning, has demonstrated its capability to recognise specific features that can detect pathological lesions.'], 'Deep learning with convolutional neural networks for identification of liver masses and hepatocellular carcinoma: A systematic review.')",deep_learning
"([""Pathologists face a substantial increase in workload and complexity of histopathologic cancer diagnosis due to the advent of personalized medicine. Therefore, diagnostic protocols have to focus equally on efficiency and accuracy. In this paper we introduce 'deep learning' as a technique to improve the objectivity and efficiency of histopathologic slide analysis. Through two examples, prostate cancer identification in biopsy specimens and breast cancer metastasis detection in sentinel lymph nodes, we show the potential of this new methodology to reduce the workload for pathologists, while at the same time increasing objectivity of diagnoses. We found that all slides containing prostate cancer and micro- and macro-metastases of breast cancer could be identified automatically while 30-40% of the slides containing benign and normal tissue could be excluded without the use of any additional immunohistochemical markers or human intervention. We conclude that 'deep learning' holds great promise to improve the efficacy of prostate cancer diagnosis and breast cancer staging.""], 'Deep learning as a tool for increased accuracy and efficiency of histopathological diagnosis.')",deep_learning
"(['Visual inspection of tumour tissues does not reveal the complex metabolic changes that differentiate cancer and its sub-types from healthy tissues. Mass spectrometry imaging, which quantifies the underlying chemistry, represents a powerful tool for the molecular exploration of tumour tissues. A 3-dimensional topological description of the chemical properties of the tumour permits the formulation of hypotheses about the biological composition and interactions and the possible causes of its heterogeneous structure. The large amount of information contained in such datasets requires powerful tools for its analysis, visualisation and interpretation. Linear methods for unsupervised dimensionality reduction, such as PCA, are inadequate to capture the complex non-linear relationships present in these data. For this reason, a deep unsupervised neural network based technique, parametric t-SNE, is adopted to map a 3D-DESI-MS dataset from a human colorectal adenocarcinoma biopsy onto a 2-dimensional manifold. This technique allows the identification of clusters not visible with linear methods. The unsupervised clustering of the tumour tissue results in the identification of sub-regions characterised by the abundance of identified metabolites, making possible the formulation of hypotheses to account for their significance and the underlying biological heterogeneity in the tumour.'], 'Deep learning and 3D-DESI imaging reveal the hidden metabolic heterogeneity of cancer.')",deep_learning
"([""Unplanned readmission of a hospitalized patient is an indicator of patients' exposure to risk and an avoidable waste of medical resources. In addition to hospital readmission, intensive care unit (ICU) readmission brings further financial risk, along with morbidity and mortality risks. Identification of high-risk patients who are likely to be readmitted can provide significant benefits for both patients and medical providers. The emergence of machine learning solutions to detect hidden patterns in complex, multi-dimensional datasets provides unparalleled opportunities for developing an efficient discharge decision-making support system for physicians and ICU specialists.""], 'Analysis and prediction of unplanned intensive care unit readmission using recurrent neural networks with long short-term memory.')",deep_learning
"(['This study aimed to assess the potential of state-of-the-art ultrasound analysis techniques to non-invasively diagnose axillary lymph nodes involvement in breast cancer. After exclusion criteria, 105 patients were selected from two different hospitals. The 118 lymph node ultrasound images taken from these patients were divided into 53 cases and 65 controls, which made up the study series. The clinical outcome of each node was verified by ultrasound-guided fine needle aspiration, core needle biopsy or surgical biopsy. The achieved accuracy of the proposed method was 86.4%, with 84.9% sensitivity and 87.7% specificity. When tested on breast cancer patients only, the proposed method improved the accuracy of the sonographic assessment of axillary lymph nodes performed by expert radiologists by 9% (87.0% vs 77.9%). In conclusion, the results demonstrate the potential of ultrasound image analysis to detect the microstructural and compositional changes that occur in lymph nodes because of metastatic involvement.'], 'Quantitative Ultrasound Image Analysis of Axillary Lymph Nodes to Diagnose Metastatic Involvement in Breast Cancer.')",deep_learning
"(['Recent advances in deep learning for medical image segmentation demonstrate expert-level accuracy. However, application of these models in clinically realistic environments can result in poor generalization and decreased accuracy, mainly due to the domain shift across different hospitals, scanner vendors, imaging protocols, and patient populations etc. Common transfer learning and domain adaptation techniques are proposed to address this bottleneck. However, these solutions require data (and annotations) from the target domain to retrain the model, and is therefore restrictive in practice for widespread model deployment. Ideally, we wish to have a trained (locked) model that can work uniformly well across unseen domains without further training. In this paper, we propose a deep stacked transformation approach for domain generalization. Specifically, a series of n stacked transformations are applied to each image during network training. The underlying assumption is that the ""expected"" domain shift for a specific medical imaging modality could be simulated by applying extensive data augmentation on a single source domain, and consequently, a deep model trained on the augmented ""big"" data (BigAug) could generalize well on unseen domains. We exploit four surprisingly effective, but previously understudied, image-based characteristics for data augmentation to overcome the domain generalization problem. We train and evaluate the BigAug model (with n = 9 transformations) on three different 3D segmentation tasks (prostate gland, left atrial, left ventricle) covering two medical imaging modalities (MRI and ultrasound) involving eight publicly available challenge datasets. The results show that when training on relatively small dataset (n=10~32 volumes, depending on the size of the available datasets) from a single source domain: (i) BigAug models degrade an average of 11% (Dice score change) from source to unseen domain, substantially better than conventional augmentation (degrading 39%) and CycleGAN-based domain adaptation method (degrading 25%), (ii) BigAug is better than ""shallower"" stacked transforms (i.e. those with fewer transforms) on unseen domains and demonstrates modest improvement to conventional augmentation on the source domain, (iii) after training with BigAug on one source domain, performance on an unseen domain is similar to training a model from scratch on that domain when using the same number of training samples. When training on large datasets (n=465 volumes) with BigAug, (iv) application to unseen domains reaches the performance of state-of-the-art fully supervised models that are trained and tested on their source domains. These findings establish a strong benchmark for the study of domain generalization in medical imaging, and can be generalized to the design of highly robust deep segmentation models for clinical deployment.'], 'Generalizing Deep Learning for Medical Image Segmentation to Unseen Domains via Deep Stacked Transformation.')",deep_learning
"([""In Parkinson's disease (PD), levodopa and subthalamic nucleus (STN) stimulation lead to major improvement in motor symptoms. Effects of both treatments on cognition and affective status are less well understood. Motor, cognitive, and affective symptoms may relate to the dysfunctioning of parallel cortico-striatal loops. The aim of this study was to assess cognition, behavior, and mood, with and without both treatments in the same group of PD patients. A group of 22 nondemented PD patients was included in this study. Patients were tested twice before surgery (off and on levodopa) and twice 3 months after surgery (OFF and ON STN stimulation, off levodopa). Cognitive and affective effects of STN stimulation and levodopa had some common, but also different, effects. STN stimulation improved performance on the planning test, associated with the dorsolateral prefrontal cortex. However, the treatments had opposite effects on tests associated with the orbitofrontal cortex; specifically, levodopa impaired while STN stimulation improved performance on the extinction phase of a reversal/extinction task. Acutely, both treatments improved motivation and decreased fatigue and anxiety. On chronic treatment (3 months after surgery), depression improved, whereas apathy worsened 3 months after surgery. To conclude, there were significant but contrasting effects of levodopa and STN stimulation on cognition and affective functions.""], ""Effects of levodopa and subthalamic nucleus stimulation on cognitive and affective functioning in Parkinson's disease."")",deep_learning
"(['Available super-resolution techniques for 3-D images are either computationally inefficient prior-knowledge-based iterative techniques or deep learning methods which require a large database of known low-resolution and high-resolution image pairs. A recently introduced tensor-factorization-based approach offers a fast solution without the use of known image pairs or strict prior assumptions. In this paper, this factorization framework is investigated for single image resolution enhancement with an offline estimate of the system point spread function. The technique is applied to 3-D cone beam computed tomography for dental image resolution enhancement. To demonstrate the efficiency of our method, it is compared to a recent state-of-the-art iterative technique using low-rank and total variation regularizations. In contrast to this comparative technique, the proposed reconstruction technique gives a 2-order-of-magnitude improvement in running time-2 min compared to 2 h for a dental volume of 282×266×392 voxels. Furthermore, it also offers slightly improved quantitative results (peak signal-to-noise ratio and segmentation quality). Another advantage of the presented technique is the low number of hyperparameters. As demonstrated in this paper, the framework is not sensitive to small changes in its parameters, proposing an ease of use.'], 'A Tensor Factorization Method for 3-D Super Resolution With Application to Dental CT.')",deep_learning
"(['To assess the use of deep learning (DL) for computer-assisted glaucoma identification, and the impact of training using images selected by an active learning strategy, which minimizes labelling cost. Additionally, this study focuses on the explainability of the glaucoma classifier.'], 'Accurate prediction of glaucoma from colour fundus images with a convolutional neural network that relies on active and transfer learning.')",deep_learning
"(['Deep Neural Network (DNN), as a deep architectures, has shown excellent performance in classification tasks. However, when the data has different distributions or contains some latent non-observed factors, it is difficult for DNN to train a single model to perform well on the classification tasks. In this paper, we propose mixture model based on DNNs (MoNNs), a supervised approach to perform classification tasks with a gating network and multiple local expert models. We use a neural network as a gating function and use DNNs as local expert models. The gating network split the heterogeneous data into several homogeneous components. DNNs are combined to perform classification tasks in each component. Moreover, we use EM (Expectation Maximization) as an optimization algorithm. Experiments proved that our MoNNs outperformed the other compared methods on determination of diabetes, determination of benign or malignant breast cancer, and handwriting recognition. Therefore, the MoNNs can solve the problem of data heterogeneity and have a good effect on classification tasks.'], 'Deep supervised learning with mixture of neural networks.')",deep_learning
"(['We present deep-learning-enabled super-resolution across different fluorescence microscopy modalities. This data-driven approach does not require numerical modeling of the imaging process or the estimation of a point-spread-function, and is based on training a generative adversarial network (GAN) to transform diffraction-limited input images into super-resolved ones. Using this framework, we improve the resolution of wide-field images acquired with low-numerical-aperture objectives, matching the resolution that is acquired using high-numerical-aperture objectives. We also demonstrate cross-modality super-resolution, transforming confocal microscopy images to match the resolution acquired with a stimulated emission depletion (STED) microscope. We further demonstrate that total internal reflection fluorescence (TIRF) microscopy images of subcellular structures within cells and tissues can be transformed to match the results obtained with a TIRF-based structured illumination microscope. The deep network rapidly outputs these super-resolved images, without any iterations or parameter search, and could serve to democratize super-resolution imaging.'], 'Deep learning enables cross-modality super-resolution in fluorescence microscopy.')",deep_learning
"(['Hand gesture recognition systems in operating rooms (ORs) are crucial for browsing and controlling computer-aided devices, which have been developed to decrease the risk of contamination during surgical procedures.'], 'Enhancement of surgical hand gesture recognition using a capsule network for a contactless interface in the operating room.')",deep_learning
"(['Asthma is a syndrome composed of heterogeneous disease entities. Although it is agreed that proper asthma endo-typing and appropriate type-specific interventions are crucial in the management of asthma, little data are available regarding pediatric asthma.'], 'Korean childhood asthma study (KAS): a prospective, observational cohort of Korean asthmatic children.')",deep_learning
"(['Numerous tasks at the core of statistics, learning and vision areas are specific cases of ill-posed inverse problems. Recently, learning-based (e.g., deep) iterative methods have been empirically shown to be useful for these problems. Nevertheless, integrating learnable structures into iterations is still a laborious process, which can only be guided by intuitions or empirical insights. Moreover, there is a lack of rigorous analysis about the convergence behaviors of these reimplemented iterations, and thus the significance of such methods is a little bit vague. This paper moves beyond these limits and proposes Flexible Iterative Modularization Algorithm (FIMA), a generic and provable paradigm for nonconvex inverse problems. Our theoretical analysis reveals that FIMA allows us to generate globally convergent trajectories for learning-based iterative methods. Meanwhile, the devised scheduling policies on flexible modules should also be beneficial for classical numerical methods in the nonconvex scenario. Extensive experiments on real applications verify the superiority of FIMA.'], 'On the Convergence of Learning-based Iterative Methods for Nonconvex Inverse Problems.')",deep_learning
"(['Although biodemographic research informs us that life expectancies have risen impressively during the last century, this has not led to much interest in these new horizons of aging. The instrumentalist culture of late modern societies, including its health cure system, has clearly difficulties to relate to the elusive but inevitable limitations of finite life. Moreover, as most people can be expected to survive into old age, thinking about finitude is easily postponed and reserved for those who are ""really old."" Indeed, a meaningful and realistic understanding of aging needs to include a confrontation with the finitude of life. Instead of reducing aging to the opposite or continuation of vital adulthood, it should be seen as something with a potentially broad and deep significance: a process of learning to live a finite life. As a contribution to this cultural repositioning of aging, the article presents a philosophical exploration of finitude and finite life. Among the discussed topics are the Stoic and Epicurean ways of living with death but also the necessity to expand the meaning of ""finitude"" beyond mortality. Aging is foremost a process of living through changes that are largely beyond our control although they require active responding. Next, individualistic or existentialist interpretations are criticized because finite lives presuppose a social world in which they emerge and on which they depend. Unfortunately, aging, the most important experiential source of knowledge about what it is to live a finite life, is neglected by the same culture that needs its wisdom.'], 'Aging: Learning to Live a Finite Life.')",deep_learning
"(['Optical diffraction tomography is an effective tool to estimate the refractive indices of unknown objects. It proceeds by solving an ill-posed inverse problem for which the wave equation governs the scattering events. The solution has traditionally been derived by the minimization of an objective function in which the data-fidelity term encourages measurement consistency while the regularization term enforces prior constraints. In this work, we propose to train a convolutional neural network (CNN) as the projector in a projected-gradient-descent method. We iteratively produce high-quality estimates and ensure measurement consistency, thus keeping the best of CNN-based and regularization-based worlds. Our experiments on two-dimensional-simulated and real data show an improvement over other conventional or deep-learning-based methods. Furthermore, our trained CNN projector is general enough to accommodate various forward models for the handling of multiple-scattering events.'], 'Deep-learning projector for optical diffraction tomography.')",deep_learning
"(['This article contains data related to the research article entitle ""Multi-modal Deep Learning for Fruit Detection Using RGB-D Cameras and their Radiometric Capabilities"" [1]. The development of reliable fruit detection and localization systems is essential for future sustainable agronomic management of high-value crops. RGB-D sensors have shown potential for fruit detection and localization since they provide 3D information with color data. However, the lack of substantial datasets is a barrier for exploiting the use of these sensors. This article presents the KFuji RGB-DS database which is composed by 967 multi-modal images of Fuji apples on trees captured using Microsoft Kinect v2 (Microsoft, Redmond, WA, USA). Each image contains information from 3 different modalities: color (RGB), depth (D) and range corrected IR intensity (S). Ground truth fruit locations were manually annotated, labeling a total of 12,839 apples in all the dataset. The current dataset is publicly available at http://www.grap.udl.cat/publicacions/datasets.html.'], 'KFuji RGB-DS database: Fuji apple multi-modal images for fruit detection with color, depth and range-corrected IR data.')",deep_learning
"(['Clinical trials of supra-lateral medial forebrain bundle (MFB) Deep Brain Stimulation (DBS) in treatment resistant major depressive patients have shown rapid and long-term benefits.'], 'The effects of bilateral, continuous, and chronic Deep Brain Stimulation of the medial forebrain bundle in a rodent model of depression.')",deep_learning
"(['The indirect immunofluorescence (IIF) on HEp-2 cells is the recommended technique for the detection of antinuclear antibodies. However, it is burdened by some limitations, as it is time consuming and subjective, and it requires trained personnel. In other fields the adoption of deep neural networks has provided an effective high-level abstraction of the raw data, resulting in the ability to automatically generate optimized high-level features.'], 'A computer-aided diagnosis system for HEp-2 fluorescence intensity classification.')",deep_learning
"(['Artificial intelligence (AI) broadly refers to analytical algorithms that iteratively learn from data, allowing computers to find hidden insights without being explicitly programmed where to look. These include a family of operations encompassing several terms like machine learning, cognitive learning, deep learning and reinforcement learning-based methods that can be used to integrate and interpret complex biomedical and healthcare data in scenarios where traditional statistical methods may not be able to perform. In this review article, we discuss the basics of machine learning algorithms and what potential data sources exist; evaluate the need for machine learning; and examine the potential limitations and challenges of implementing machine in the context of cardiovascular medicine. The most promising avenues for AI in medicine are the development of automated risk prediction algorithms which can be used to guide clinical care; use of unsupervised learning techniques to more precisely phenotype complex disease; and the implementation of reinforcement learning algorithms to intelligently augment healthcare providers. The utility of a machine learning-based predictive model will depend on factors including data heterogeneity, data depth, data breadth, nature of modelling task, choice of machine learning and feature selection algorithms, and orthogonal evidence. A critical understanding of the strength and limitations of various methods and tasks amenable to machine learning is vital. By leveraging the growing corpus of big data in medicine, we detail pathways by which machine learning may facilitate optimal development of patient-specific models for improving diagnoses, intervention and outcome in cardiovascular medicine.'], 'Machine learning in cardiovascular medicine: are we there yet?')",deep_learning
"(['Deep learning (DL)-based semantic segmentation methods have been providing state-of-the-art performance in the past few years. More specifically, these techniques have been successfully applied in medical image classification, segmentation, and detection tasks. One DL technique, U-Net, has become one of the most popular for these applications. We propose a recurrent U-Net model and a recurrent residual U-Net model, which are named RU-Net and R2U-Net, respectively. The proposed models utilize the power of U-Net, residual networks, and recurrent convolutional neural networks. There are several advantages to using these proposed architectures for segmentation tasks. First, a residual unit helps when training deep architectures. Second, feature accumulation with recurrent residual convolutional layers ensures better feature representation for segmentation tasks. Third, it allows us to design better U-Net architectures with the same number of network parameters with better performance for medical image segmentation. The proposed models are tested on three benchmark datasets, such as blood vessel segmentation in retinal images, skin cancer segmentation, and lung lesion segmentation. The experimental results show superior performance on segmentation tasks compared to equivalent models, including a variant of a fully connected convolutional neural network called SegNet, U-Net, and residual U-Net.'], 'Recurrent residual U-Net for medical image segmentation.')",deep_learning
"(['Deep vein thrombosis (DVT) is a disease caused by abnormal blood clots in deep veins. Accurate segmentation of DVT is important to facilitate the diagnosis and treatment. In the current study, we proposed a fully automatic method of DVT delineation based on deep learning (DL) and contrast enhanced magnetic resonance imaging (CE-MRI) images.'], 'Fully Automated Segmentation of Lower Extremity Deep Vein Thrombosis Using Convolutional Neural Network.')",deep_learning
"([], 'Coronavirus Disease 2019 (COVID-19) and Cardiovascular Disease: A Viewpoint on the Potential Influence of Angiotensin-Converting Enzyme Inhibitors/Angiotensin Receptor Blockers on Onset and Severity of Severe Acute Respiratory Syndrome Coronavirus 2 Infection.')",covid_19
"(['Community transmission of coronavirus 2019 (Covid-19) was detected in the state of Washington in February 2020.'], 'Covid-19 in Critically Ill Patients in the Seattle Region - Case Series.')",covid_19
"(['A new study published by the journal Aging & Disease reported that intravenous administration of clinical-grade human mesenchymal stem cells (MSCs) into patients with coronavirus disease 2019 (COVID-19) resulted in improved functional outcomes (Leng et al., Aging Dis, 11:216-228, 2020). This study demonstrated that intravenous infusion of MSCs is a safe and effective approach for treating patients with COVID-19 pneumonia, including elderly patients displaying severe pneumonia. COVID-19 is a severe acute respiratory illness caused by a new coronavirus named severe acute respiratory syndrome coronavirus 2 (SARS-CoV-2). Currently, treating COVID-19 patients, particularly those afflicted with severe pneumonia, is challenging as no specific drugs or vaccines against SARS-CoV-2 are available. Therefore, MSC therapy inhibiting the overactivation of the immune system and promoting endogenous repair by improving the lung microenvironment after the SARS-CoV-2 infection found in this study is striking. Additional studies in a larger cohort of patients are needed to validate this therapeutic intervention further, however.'], 'Mesenchymal Stem Cell Infusion Shows Promise for Combating Coronavirus (COVID-19)- Induced Pneumonia.')",covid_19
"([""Healthcare systems around the world are struggling to maintain a sufficient workforce to provide adequate care during the COVID-19 pandemic. Staffing problems have been exacerbated by healthcare workers (HCWs) refusing to work out of concern for their families. I sketch a deontological framework for assessing when it is morally permissible for HCWs to abstain from work to protect their families from infection and when it is a dereliction of duty to patients. I argue that it is morally permissible for HCWs to abstain from work when their duty to treat is outweighed by the combined risks and burdens of that work. For HCWs who live with their families, the obligation to protect one's family from infection contributes significantly to those burdens. There are, however, a range of complicating factors including the strength of duty to treat which varies according to the HCW's role, the vulnerability of family members to the disease, the willingness of family members to risk infection and the resources available to the HCW to protect their family. In many cases, HCWs in 'frontline' roles with a weak duty to treat and families at home will be morally permitted to abstain from work given the risks posed by COVID-19; therefore, society should provide additional incentives to maintain sufficient staff in these roles.""], 'Balancing the duty to treat with the duty to family in the context of the COVID-19 pandemic.')",covid_19
"([], 'A Brave New World: Lessons from the COVID-19 Pandemic for Transitioning to Sustainable Supply and Production.')",covid_19
"([], 'Curating evidence on mental health during COVID-19: A living systematic review.')",covid_19
"([], 'ACE-2 Expression in the Small Airway Epithelia of Smokers and COPD Patients: Implications for COVID-19.')",covid_19
"([], 'Mental health of medical workers in Pakistan during the pandemic COVID-19 outbreak.')",covid_19
"([], 'Acute stress, behavioural symptoms and mood states among school-age children with attention-deficit/hyperactive disorder during the COVID-19 outbreak.')",covid_19
"([""The COVID-19 pandemic has necessitated government-imposed restrictions on social interactions and travel. For many, the guidance has led to new ways of working, most notably a shift towards working remotely. While eye care practitioners (ECPs) may continue to provide urgent or emergency eye care, in many cases the travel restrictions present a unique challenge by preventing conventional face-to-face examination. Telephone triage provides a useful starting point for establishing at-risk and emergency patients; but patient examination is central to contact lens patient care. The indeterminate period over which conventional practice will be suspended, and the risk that resumption of 'normal' practice could be impeded by a potential secondary peak in COVID-19 cases, hastens the need for practitioners to adapt their delivery of eyecare. Specifically, it is prudent to reflect upon supportive evidence for more comprehensive approaches to teleoptometry in contact lens practice. Smartphone based ocular imaging is an area which has seen considerable growth, particularly for imaging the posterior eye. Smartphone imaging of the anterior eye requires additional specialised instrumentation unlikely to be available to patients at home. Further, there is only limited evidence for self-administered image capture. In general, digital photographs, are useful for detection of gross anterior eye changes, but subtle changes are less discernible. For the assessment of visual acuity, many electronic test charts have been validated for use by practitioners. Research into self-administered visual acuity measures remains limited. The absence of a comprehensive evidence base for teleoptometry limits ECPs, particularly during this pandemic. Knowledge gaps ought to be addressed to facilitate development of optometry specific evidence-based guidance for telecare. In particular, advances in ocular self-imaging could help move this field forwards.""], 'Could telehealth help eye care practitioners adapt contact lens services during the COVID-19 pandemic?')",covid_19
"([], 'Conception and deployment of a 30-bed field military intensive care hospital in Eastern France during the 2020 COVID-19 pandemic.')",covid_19
"([], 'Mental Health and Psychological Intervention Amid COVID-19 Outbreak: Perspectives from South Korea.')",covid_19
"(['The massive inflow of patients with COVID-19 requiring urgent care has overloaded hospitals in France and impacts the management of other patients. Deferring hospitalization and non-urgent surgeries has become a priority for surgeons today in order to relieve the health care system. It is obviously not simple to reduce emergency surgery without altering the quality of care or leading to a loss of chance for the patient. Acute appendicitis is a very specific situation and the prevalence of this disease leads us to reconsider this particular disease in the context of the COVID-19 crisis. Indeed, while the currently recommended treatment for uncomplicated acute appendicitis is surgical appendectomy, the non-surgical alternative of medical management by antibiotic therapy alone has been widely evaluated by high-quality studies in the literature. Insofar as the main limitation of exclusively medical treatment of uncomplicated acute appendicitis is the risk of recurrent appendicitis, this treatment option represents an alternative of choice to reduce the intra-hospital overload in this context of health crisis. The aim of this work is therefore to provide physicians and surgeons with a practical guide based on a review of the literature on the medical treatment of uncomplicated acute appendicitis in adults, to offer this alternative treatment to the right patients and under good conditions, especially when access to the operating room is limited or impossible.'], 'Antibiotics alone as an alternative to appendectomy for uncomplicated acute appendicitis in adults: Changes in treatment modalities related to the COVID-19 health crisis.')",covid_19
"([], 'What we can learn from COVID-19 outbreak in Iran about the importance of alcohol use education.')",covid_19
"([], 'COVID-19, school closures, and child poverty: a social crisis in the making.')",covid_19
"(['Este breve documento se centra en el papel de los modelos matemáticos para analizar el impacto de las pandemias en los recursos de salud y las diferentes trade-off que pueden estar presente. Existe una gran cantidad de literatura que sugiere que los modelos matemáticos pueden ser útiles para estimar cuánto equipo e infraestructura adicionales pueden ser necesarios para mitigar un aumento en la demanda de servicios de salud durante un brote a gran escala de una enfermedad infecciosa. Comento sobre el papel crucial de estos modelos con un enfoque especial en sus fortalezas y limitaciones.'], 'Strengths and limitations of mathematical models in pandemicsthe case of COVID-19 in Chile.')",covid_19
"([], 'Postponement of Frontiers in Cardiovascular Biomedicine (FCVB) 2020 due to COVID-19: a look forward to 2021.')",covid_19
"(['Factors associated with negative conversion of SARS-CoV-2 RNA in hospitalized patients have not yet been systematically determined. We conducted a retrospective cohort study of COVID-19 patients in Qingdao, China. Both univariate and multivariate analysis were performed to identify independent factors for time to viral RNA negative conversion. Data on patients with re-detectable viral RNA after showing negative on RT-PCR test (intermittent negative status) were also analyzed. A total of 59 patients confirmed with COVID-19 were included in this study, with a median duration of 1 (interquartile range, IQR: 0-2) day from symptom onset to hospital admission. Median communicable period (from first day of positive nucleic acid test to first day of consecutive negative results) was 14 (IQR: 10-18) days, and 7 (IQR: 6-10) days for 10 patients with intermittent negative results. Age older than 45\xa0years (hazard ratio, HR: 0.378; 95% confidence interval, CI: 0.205-0.698) and chest tightness (HR: 0.290; 95%CI: 0.091-0.919) were factors indecently affecting negative conversion of SARS-CoV-2 RNA. Headache (odds ratio: 7.553; 95%CI: 1.011-28.253) was significantly associated with intermittent negative status, with a predicted probability of 60%. Older age and chest tightness were independently associated with delayed clearance of SARS-CoV-2 RNA in hospitalized patients. These predictors would provide a new perspective on early identification of patients with prolonged viral shedding and facilitate optimal isolation protocols and treatment strategies.'], 'Factors associated with negative conversion of viral RNA in patients hospitalized with COVID-19.')",covid_19
"(['2019新型冠状病毒感染流行，孕产妇作为一类特殊的易感人群，围产期的任何时段都可能受到感染。感染后往往病情进展较快较重，严重威胁母儿健康。因此，如何加强覆盖妊娠期、分娩期和产褥期的围产期保健全程防控，以减少不良母儿结局、保障母儿安全就显得十分重要。本文就围产期的全程防控提出了有针对性的建议，以供参考。.'], '[Systematic perinatal management of the pregnant women and neonates during the epidemic of COVID-19].')",covid_19
"(['More than half of COVID-19 patients are afebrile early in the disease course, yet mildly ill or asymptomatic patients can still spread SARS-CoV-2 with high efficiency. Atypically presenting patients may be seen in noninfectious disease settings such as otolaryngology, which is a specialty prone to occupational exposure. Otolaryngologists have been infected with COVID-19 at higher rates than other specialties in China and other countries. Otolaryngology providers should maintain high clinical suspicion for mild and asymptomatic COVID-19 patients. Protective strategies should be implemented including preappointment screening, triaging, restriction of nonurgent visits and surgeries, telemedicine, and appropriate personal protective equipment use.'], 'Otolaryngology Providers Must Be Alert for Patients with Mild and Asymptomatic COVID-19.')",covid_19
"(['COVID-19 ha traído muerte y enfermedad a gran parte del mundo. Los gobiernos deben desplegar estrategias para tamizar la población y aislar los casos sospechosos. Las pruebas diagnósticas son críticas en la vigilancia epidemiológica, pero no se conoce la exactitud (sensibilidad y especificidad) y la utilidad clínica (impacto sobre los desenlaces de salud) de los métodos diagnósticos actuales usados para la detección del SARS-CoV-2. Realicé una búsqueda rápida en PubMed/MEDLINE para encontrar estudios sobre las pruebas diagnósticas de laboratorio y de diagnóstico viral rápido. Después de correr las estrategias de búsqueda, encontré 47 artículos elegibles que son los que uso para esta revisión, en que comento las características de las pruebas y sus limitaciones. No encontré artículos que aborden la utilidad clínica de las pruebas actualmente usadas para la detección del COVID-19, lo que implica que estamos librando una batalla sin tener un conocimiento adecuado de cuál es la proporción de falsos negativos que resultan de los tests que hoy se aplican. No debemos ignorar esta dificultad, dado que podría obstaculizar los esfuerzos nacionales para contener la pandemia con arreglo a la aplicación de test diagnósticos a los casos sospechosos comunitarios.'], 'Do we know the diagnostic properties of the tests used in COVID-19? A rapid review of recently published literature.')",covid_19
"(['According to WHO recommendations, everyone must protect themselves against Coronavirus disease 2019 (COVID-19), which will also protect others. Due to the lack of current effective treatment and vaccine for COVID-19, screening, rapid diagnosis and isolation of the patients are essential (1, 2). Therefore, identifying the early symptoms of COVID-19 is of particular importance and is a health system priority. Early studies from COVID-19 outbreak in China have illustrated several non-specific signs and symptoms in infected patients, including fever, dry cough, dyspnea, myalgia, fatigue, lymphopenia, and radiographic evidence of pneumonia (3, 4). Recently, a probability of association between COVID-19 and altered olfactory function has been reported in South Korea, Iran, Italy, France, UK and the United States (5-8). However, to our knowledge, the definite association between COVID-19 and anosmia has not been published.'], 'Anosmia as a prominent symptom of COVID-19 infection.')",covid_19
"(['On March 16th 2020, WHO Director-General stated ""You cannot fight a fire blindfolded. And we cannot stop this [COVID-19] pandemic if we don\'t know who is infected. We have a simple message for all countries: test, test, test. Test every suspected case."" (https://www.who.int/dg/speeches/detail/who-director-general-s-opening-remarks-at-the-media-briefing-on-covid-19---16-march-2020) This strategy hinges on the availability of appropriate, validated collection and transport systems to ensure preservation of nucleic acids and compatibility with downstream molecular testing - an acute challenge in the current pandemic. We present direct comparison of COVID-19 specimens collected with FLOQswab Nasopharyngeal Swab preserved in universal transport medium (Copan UTM System, Copan, Italy, catalog No.305C), optimized for viral specimens, and flocked regular nylon tip swab preserved in liquid amies (Eswab Collection system, Copan, Italy, catalog No. 480C), optimized for bacterial specimens.'], 'Comparison of Copan Eswab and FLOQswab for COVID-19 PCR diagnosis: working around a supply shortage.')",covid_19
"(['With more than 900,000 confirmed cases worldwide and nearly 50,000 deaths during the first three months of 2020, the COVID-19 pandemic has emerged as an unprecedented healthcare crisis. The spread of COVID-19 has been heterogeneous, resulting in some regions having sporadic transmission and relatively few hospitalized patients with COVID-19 and others having community transmission that has led to overwhelming numbers of severe cases. For these regions, healthcare delivery has been disrupted and compromised by critical resource constraints in diagnostic testing, hospital beds, ventilators, and healthcare workers who have fallen ill to the virus exacerbated by shortages of personal protective equipment. While mild cases mimic common upper respiratory viral infections, respiratory dysfunction becomes the principal source of morbidity and mortality as the disease advances. Thoracic imaging with chest radiography (CXR) and computed tomography (CT) are key tools for pulmonary disease diagnosis and management, but their role in the management of COVID-19 has not been considered within the multivariable context of the severity of respiratory disease, pre-test probability, risk factors for disease progression, and critical resource constraints. To address this deficit, a multidisciplinary panel comprised principally of radiologists and pulmonologists from 10 countries with experience managing COVID-19 patients across a spectrum of healthcare environments evaluated the utility of imaging within three scenarios representing varying risk factors, community conditions, and resource constraints. Fourteen key questions, corresponding to 11 decision points within the three scenarios and three additional clinical situations, were rated by the panel based upon the anticipated value of the information that thoracic imaging would be expected to provide. The results were aggregated, resulting in five main and three additional recommendations intended to guide medical practitioners in the use of CXR and CT in the management of COVID-19.'], 'The Role of Chest Imaging in Patient Management during the COVID-19 Pandemic: A Multinational Consensus Statement from the Fleischner Society.')",covid_19
"(['In late December 2019, an outbreak of acute respiratory illness, coronavirus disease 2019 (COVID-19), emerged in Wuhan, China. We aimed to study the epidemiology, clinical features and short-term outcomes of patients with COVID-19 in Wuhan, China.'], 'Clinical features and short-term outcomes of 221 patients with COVID-19 in Wuhan, China.')",covid_19
"([], 'Teledermatology: a useful tool to fight COVID-19.')",covid_19
"([], 'Balancing Expediency and Scientific Rigor in SARS-CoV-2 Vaccine Development.')",covid_19
"(['The medical education system is currently facing robust challenges as a consequence of the COVID-19 pandemic. One of them is the maintenance of interactive learning techniques such as Team-Based Learning (TBL).\xa0TBL is an interactive teaching method that is learner-centered and instructor-directed. It sequentially involves self-work followed by teamwork. After providing the reading material, students are commonly asked to solve 10-20 multiple choice questions, known as the individual readiness assurance test (iRAT).\xa0Students are then assigned to answer the same questions while working together in teams, the team readiness assurance test (tRAT).'], 'Online Team- Based Learning Sessions as Interactive Methodologies During The Pandemic.')",covid_19
"([], 'The impact of COVID-19 on the provision of donor hematopoietic stem cell products worldwide: collateral damage.')",covid_19
"([], 'What can early Canadian experience screening for COVID-19 teach us about how to prepare for a pandemic?')",covid_19
"([], 'Fatherhood during the COVID-19 pandemic: an unexpected turnaround.')",covid_19
"([], ""Editorial: Dental practitioners' role in the assessment and containment of coronavirus disease (COVID-19): Evolving recommendations from the Centers for Disease Control."")",covid_19
"([], 'Severe Acute Respiratory Syndrome Coronavirus 2 Infection in Renal Failure Patients: A Potential Covert Source of Infection.')",covid_19
"([], 'Biological treatment use amid the COVID-19 era, a close look at the unresolved perplexity.')",covid_19
"([], 'Erratum to: COVID-19 Through the Lens of Gerontology.')",covid_19
"([], ""Émergence du coronavirus SARS-CoV-2\xa0: faire face à l'épidémie de COVID-19."")",covid_19
"(['The current outbreak of a novel coronavirus, named as SARS-CoV-2 causing COVID-19 occurred in 2019, is in dire need of finding potential therapeutic agents. Recently, ongoing viral epidemic due to coronavirus (SARS-CoV-2) primarily affected mainland China that now threatened to spread to populations in most countries of the world. In spite of this, there is currently no antiviral drug/ vaccine available against coronavirus infection, COVID-19. In the present study, computer-aided drug design-based screening to find out promising inhibitors against the coronavirus (SARS-CoV-2) leads to infection, COVID-19. The lead therapeutic molecule was investigated through docking and molecular dynamics simulations. In this, binding affinity of noscapines(23B)-protease of SARS-CoV-2 complex was evaluated through MD simulations at different temperatures. Our research group has established that noscapine is a chemotherapeutic agent for the treatment of drug resistant cancers; however, noscapine was also being used as anti-malarial, anti-stroke and cough-suppressant. This study suggests for the first time that noscapine exerts its antiviral effects by inhibiting viral protein synthesis.'], 'Understanding the binding affinity of noscapines with protease of SARS-CoV-2 for COVID-19 using MD simulations at different temperatures.')",covid_19
"(['Since December 2019, novel coronavirus-infected pneumonia (coronavirus disease 19) occurred in Wuhan and rapidly spread throughout China and beyond. During this period, increasing of reports found that several recovered patients from different hospitals showed positive results of nucleic acid test again soon after discharge. However, little attention has been paid to recovered children. Herein, we reported a case of 8-year-old recovered child, who was rehospitalized again because of unexplained fever.'], 'Rehospitalization of a Recovered Coronavirus Disease 19 (COVID-19) Child With Positive Nucleic Acid Detection.')",covid_19
"(['\u2002Die Vorbereitungen der Gesundheitssysteme auf die Aufnahme einer großen Zahl schwerkranker COVID-19-Patienten im März/April 2020 haben erhebliche Auswirkungen auf nuklearmedizinische Abteilungen und Praxen, deren Ausmaß unbekannt ist. Ziel dieser Online-Umfrage ist es, den aktuellen Status der nuklearmedizinischen Abteilungen in Deutschland, Österreich und der Schweiz zu erfassen.'], 'Impact of COVID-19 on Nuclear Medicine in Germany, Austria and\xa0Switzerland: An International Survey in April 2020.')",covid_19
"(['In March 2020, the global healthcare system is overwhelmed by patients infected with SARS-CoV-2, which is the cause of the coronavirus pandemic (Covid-2019). A large number of these patients end up in the intensive care units (ICU) with critical illness requiring mechanical ventilation. One of the most important clinical features of the infection is a profound coagulopathy. In a recent cohort study 71% of patients who eventually died matched the ISTH criteria for disseminated intravascular coagulation (DIC), while this percentage was only 0.6% in patients who survived.'], 'Thromboembolic events and apparent heparin resistance in patients infected with SARS-CoV-2.')",covid_19
"(['Prestigious University is a large, private educational institution with a medical school, a university hospital, a law school, and graduate and undergraduate colleges all on a single campus. In the face of the Covid-19 pandemic, students were told during spring break to return to campus only briefly to retrieve their belongings. Classes then went online. On March 23, 2020, the faculty, students, and staff were emailed the following by the university\'s director of infection control and public health: We have become aware that a Prestigious University staff member has tested positive for the virus that causes Covid-19. The individual, who was last on campus on March 16, is now in isolation at their permanent residence and is doing well clinically. The university has already identified those members of our community who may have been in close contact with this individual, and we are working to notify them. Further, this individual\'s local health department has a protocol for identifying people who have been in direct contact with anyone testing positive for Covid-19 (such as this Prestigious University staff member) so that they can self-quarantine and watch for COVID-19 symptoms for a period of 14 days from their last contact with the infected individual. A professor in the Philosophy Department has asked the ethicists at the medical school whether such contact tracing suffices. ""Don\'t the members of the community deserve to know who this is? Isn\'t there a mandate to identify this person in order to maximize public health benefits and slow the spread of this deadly virus?""'], 'Should Institutions Disclose the Names of Employees with Covid-19?')",covid_19
"(['The 2019 novel coronavirus (2019-nCoV) has caused the outbreak of the acute respiratory disease in Wuhan, Hubei Province of China since December 2019. This study is performed to analyze the clinical characteristics of patients who succumbed to and who recovered from 2019 novel coronavirus disease (COVID-19).'], 'Clinical characteristics of fatal and recovered cases of coronavirus disease 2019 (COVID-19) in Wuhan, China: a retrospective study.')",covid_19
"(['The novel coronavirus 2019, or COVID-19, infection has rapidly spread through the New York metropolitan area since the first reported case in the state on March 1, 2020. New York currently represents an epicenter for COVID-19 infection in the United States, with 84,735 cases reported as of April 2, 2020. We previously presented an early experience with seven COVID-positive patients in pregnancy, including two women who were diagnosed with COVID-19 following an asymptomatic initial presentation. We now describe a series of 43 test-confirmed cases of COVID-19 presenting to a pair of affiliated New York City hospitals over two weeks from March 13 to 27, 2020. Fourteen (32.6%) patients presented without any COVID-associated viral symptoms, and were identified either after developing symptoms during admission or following the implementation of universal testing for all obstetrical admissions on March 22. Of these, 10/14 (71.4%) developed symptoms or signs of COVID-19 infection over the course of their delivery admission or early after postpartum discharge. Of the other 29 (67.4%) patients who presented with symptomatic COVID-19 infection, three women ultimately required antenatal admission for viral symptoms, and an additional patient represented six days postpartum after a successful labor induction with worsening respiratory status that required oxygen supplementation. There were no confirmed cases of COVID-19 detected in neonates upon initial testing on the first day of life. Applying COVID-19 disease severity characteristics as described by Wu et al, 37 (86%) women possessed mild disease, four (9.3%) exhibited severe disease, and two (4.7%) developed critical disease; these percentages are similar to those described for non-pregnant adults with COVID-19 infections (about 80% mild, 15% severe, and 5% critical disease).'], 'COVID-19 infection among asymptomatic and symptomatic pregnant women: Two weeks of confirmed presentations to an affiliated pair of New York City hospitals.')",covid_19
"([], 'WHO must prioritise the needs of older people in its response to the covid-19 pandemic.')",covid_19
"(['The rapid spread of SARS-CoV-2 in 2019 and 2020 has resulted in a worldwide pandemic characterized by severe pulmonary inflammation, effusions, and rapid respiratory compromise. The result of this pandemic is a large and increasing number of patients requiring endotracheal intubation and prolonged ventilator support. The rapid rise in endotracheal intubations coupled with prolonged ventilation requirements will certainly lead to\u2009an increase in tracheostomy procedures in the coming weeks and months. Performing tracheostomy in the setting of active COV-SARS-CoV-2, when necessary, poses a unique situation, with unique risks and benefits for both the patient and the health care providers. The New York Head and Neck Society has collaborated on this document to provide guidance on the performance of tracheostomies during the SARS-CoV-2 pandemic.'], 'Tracheostomy during COV-SARS-CoV-2 pandemic: Recommendations from the New York Head and Neck Society.')",covid_19
"([], 'Epidemiological Assessment of Imported Coronavirus Disease 2019 (COVID-19) Cases in the Most Affected City Outside of Hubei Province, Wenzhou, China.')",covid_19
"(['Severe Acute Respiratory Syndrome coronavirus 2 (SARS-CoV-2) is rapidly spreading around the world. There is no existing vaccine or proven drug to prevent infections and stop virus proliferation. Although this virus is similar to human and animal SARS-CoVs and Middle East Respiratory Syndrome coronavirus (MERS-CoVs), the detailed information about SARS-CoV-2 proteins structures and functions is urgently needed to rapidly develop effective vaccines, antibodies, and antivirals. We applied high-throughput protein production and structure determination pipeline at the Center for Structural Genomics of Infectious Diseases to produce SARS-CoV-2 proteins and structures. Here we report two high-resolution crystal structures of endoribonuclease Nsp15/NendoU. We compare these structures with previously reported homologs from SARS and MERS coronaviruses.'], 'Crystal structure of Nsp15 endoribonuclease NendoU from SARS-CoV-2.')",covid_19
"([], 'Antibody testing will enhance the power and accuracy of COVID-19-prevention trials.')",covid_19
"(['The current emergency due to the worldwide spread of the COVID-19 caused by the new severe acute respiratory syndrome coronavirus 2 (SARS-CoV-2) is a great concern for global public health. Already in the past, the outbreak of severe acute respiratory syndrome (SARS) in 2003 and Middle Eastern respiratory syndrome (MERS) in 2012 demonstrates the potential of coronaviruses to cross-species borders and further underlines the importance of identifying new-targeted drugs. An ideal antiviral agent should target essential proteins involved in the lifecycle of SARS-CoV. Currently, some HIV protease inhibitors (i.e., Lopinavir) are proposed for the treatment of COVID-19, although their effectiveness has not yet been assessed. The main protease (Mpr) provides a highly validated pharmacological target for the discovery and design of inhibitors. We identified potent Mpr inhibitors employing computational techniques that entail the screening of a Marine Natural Product (MNP) library. MNP library was screened by a hyphenated pharmacophore model, and molecular docking approaches. Molecular dynamics and re-docking further confirmed the results obtained by structure-based techniques and allowed this study to highlight some crucial aspects. Seventeen potential SARS-CoV-2 Mpr inhibitors have been identified among the natural substances of marine origin. As these compounds were extensively validated by a consensus approach and by molecular dynamics, the likelihood that at least one of these compounds could be bioactive is excellent.'], 'Putative Inhibitors of SARS-CoV-2 Main Protease from A Library of Marine Natural Products: A Virtual Screening and Molecular Modeling Study.')",covid_19
"([], 'Offline: COVID-19-a reckoning.')",covid_19
"(['Big data initiatives such as the Enhancing NeuroImaging Genetics through Meta-Analysis consortium (ENIGMA), combine data collected by independent studies worldwide to achieve more generalizable estimates of effect sizes and more reliable and reproducible outcomes. Such efforts require harmonized image analyses protocols to extract phenotypes consistently. This harmonization is particularly challenging for resting state fMRI due to the wide variability of acquisition protocols and scanner platforms; this leads to site-to-site variance in quality, resolution and temporal signal-to-noise ratio (tSNR). An effective harmonization should provide optimal measures for data of different qualities. We developed a multi-site rsfMRI analysis pipeline to allow research groups around the world to process rsfMRI scans in a harmonized way, to extract consistent and quantitative measurements of connectivity and to perform coordinated statistical tests. We used the single-modality ENIGMA rsfMRI preprocessing pipeline based on modelfree Marchenko-Pastur PCA based denoising to verify and replicate resting state network heritability estimates. We analyzed two independent cohorts, GOBS (Genetics of Brain Structure) and HCP (the Human Connectome Project), which collected data using conventional and connectomics oriented fMRI protocols, respectively. We used seed-based connectivity and dual-regression approaches to show that the rsfMRI signal is consistently heritable across twenty major functional network measures. Heritability values of 20-40% were observed across both cohorts.'], 'Heritability estimates on resting state fMRI data using ENIGMA analysis pipeline.')",human_connectome
"(['Magnetic resonance imaging (MRI) is a flexible and widely available neuroimaging technique. Structural MRI and diffusion MRI, in particular, provide information about connectivity between brain regions which may be combined to obtain a picture of entire neural networks, or the so-called connectome. In this review we outline the principles of MR-based connectivity analysis, discuss what relevant information it can provide for clinical and non-clinical neuroscience research, and outline some of the outstanding needs which future work will aim to meet.'], 'Imaging connectivity: MRI and the structural networks of the brain.')",human_connectome
"(['The authors sought to identify a brain-based predictor of cocaine abstinence by using connectome-based predictive modeling (CPM), a recently developed machine learning approach. CPM is a predictive tool and a method of identifying networks that underlie specific behaviors (""neural fingerprints"").'], 'Connectome-Based Prediction of Cocaine Abstinence.')",human_connectome
"(['Synaptic connections between neurons in the brain are dynamic because of continuously ongoing spine dynamics, axonal sprouting, and other processes. In fact, it was recently shown that the spontaneous synapse-autonomous component of spine dynamics is at least as large as the component that depends on the history of pre- and postsynaptic neural activity. These data are inconsistent with common models for network plasticity and raise the following questions: how can neural circuits maintain a stable computational function in spite of these continuously ongoing processes, and what could be functional uses of these ongoing processes? Here, we present a rigorous theoretical framework for these seemingly stochastic spine dynamics and rewiring processes in the context of reward-based learning tasks. We show that spontaneous synapse-autonomous processes, in combination with reward signals such as dopamine, can explain the capability of networks of neurons in the brain to configure themselves for specific computational tasks, and to compensate automatically for later changes in the network or task. Furthermore, we show theoretically and through computer simulations that stable computational performance is compatible with continuously ongoing synapse-autonomous changes. After reaching good computational performance it causes primarily a slow drift of network architecture and dynamics in task-irrelevant dimensions, as observed for neural activity in motor cortex and other areas. On the more abstract level of reinforcement learning the resulting model gives rise to an understanding of reward-driven network plasticity as continuous sampling of network configurations.'], 'A Dynamic Connectome Supports the Emergence of Stable Computational Function of Neural Circuits through Reward-Based Learning.')",human_connectome
"(['Treatment of different depression symptoms may require different brain stimulation targets with different underlying brain circuits. The authors sought to identify such targets, which could improve the efficacy of therapeutic brain stimulation and facilitate personalized therapy.'], 'Distinct Symptom-Specific Treatment Targets for Circuit-Based Neuromodulation.')",human_connectome
"([], 'Linking cognition to brain connectivity.')",human_connectome
"(['To investigate the pattern of functional demarcation of hippocampal network and its relationship with memory performance in mesial temporal lobe epilepsy (mTLE) with unilateral hippocampal sclerosis.'], 'Reorganization of anterior and posterior hippocampal networks associated with memory performance in mesial temporal lobe epilepsy.')",human_connectome
"(['Brain parcellation is often a prerequisite for network analysis due to the statistical challenges, computational burdens, and interpretation difficulties arising from the high dimensionality of neuroimaging data. Predominant approaches are largely unimodal with functional magnetic resonance imaging (fMRI) being the primary modality used. These approaches thus neglect other brain attributes that relate to brain organization. In this paper, we propose an approach for integrating fMRI and diffusion MRI (dMRI) data. Our approach introduces a nonlinear mapping between the connectivity values of two modalities, and adaptively balances their weighting based on their voxel-wise test-retest reliability. An efficient region level extension that additionally incorporates structural information on gyri and sulci is further presented. To validate, we compare multimodal parcellations with unimodal parcellations and existing atlases on the Human Connectome Project data. We show that multimodal parcellations achieve higher reproducibility, comparable/higher functional homogeneity, and comparable/higher leftout data likelihood. The boundaries of multimodal parcels are observed to align to those based on cyto-architecture, and subnetworks extracted from multimodal parcels matched well with established brain systems. Our results thus show that multimodal information improves brain parcellation.'], 'Multimodal Brain Parcellation Based on Functional and Anatomical Connectivity.')",human_connectome
"(['Ubiquitous variability between individuals in visual perception is difficult to standardize and has thus essentially been ignored. Here we construct a quantitative psychophysical measure of illusory rotary motion based on the Pinna-Brelstaff figure (PBF) in 73 healthy volunteers and investigate the neural circuit mechanisms underlying perceptual variation using functional magnetic resonance imaging (fMRI). We acquired fMRI data from a subset of 42 subjects during spontaneous and 3 stimulus conditions: expanding PBF, expanding modified-PBF (illusion-free) and expanding modified-PBF with physical rotation. Brain-wide graph analysis of stimulus-evoked functional connectivity patterns yielded a functionally segregated architecture containing 3 discrete hierarchical networks, commonly shared between rest and stimulation conditions. Strikingly, communication efficiency and strength between 2 networks predominantly located in visual areas robustly predicted individual perceptual differences solely in the illusory stimulus condition. These unprecedented findings demonstrate that stimulus-dependent, not spontaneous, dynamic functional integration between distributed brain networks contributes to perceptual variability in humans.'], 'Dynamic Network Communication in the Human Functional Connectome Predicts Perceptual Variability in Visual Illusion.')",human_connectome
"(['How is the picture of the visual scene that the eye encodes represented by neural circuits in the brain? In this issue of Cell, Morgan et al. address this question by forming an ultrastructural ""connectome"" of the mouse\'s visual thalamus that depicts individual retinal afferents and every contact these form with target relay cells.'], 'Untangling the Web between Eye and Brain.')",human_connectome
"(['Macaque monkeys are an important animal model where invasive investigations can lead to a better understanding of the cortical organization of primates including humans. However, the tools and methods for noninvasive image acquisition (e.g. MRI RF coils and pulse sequence protocols) and image data preprocessing have lagged behind those developed for humans. To resolve the structural and functional characteristics of the smaller macaque brain, high spatial, temporal, and angular resolutions combined with high signal-to-noise ratio are required to ensure good image quality. To address these challenges, we developed a macaque 24-channel receive coil for 3-T MRI with parallel imaging capabilities. This coil enables adaptation of the Human Connectome Project (HCP) image acquisition protocols to the in-vivo macaque brain. In addition, we adapted HCP preprocessing methods to the macaque brain, including spatial minimal preprocessing of structural, functional MRI (fMRI), and diffusion MRI (dMRI). The coil provides the necessary high signal-to-noise ratio and high efficiency in data acquisition, allowing four- and five-fold accelerations for dMRI and fMRI. Automated FreeSurfer segmentation of cortex, reconstruction of cortical surface, removal of artefacts and nuisance signals in fMRI, and distortion correction of dMRI all performed well, and the overall quality of basic neurobiological measures was comparable with those for the HCP. Analyses of functional connectivity in fMRI revealed high sensitivity as compared with those from publicly shared datasets. Tractography-based connectivity estimates correlated with tracer connectivity similarly to that achieved using ex-vivo dMRI. The resulting HCP-style in vivo macaque MRI data show considerable promise for analyzing cortical architecture and functional and structural connectivity using advanced methods that have previously only been available in studies of the human brain.'], 'Towards HCP-Style macaque connectomes: 24-Channel 3T multi-array coil, MRI sequences and preprocessing.')",human_connectome
"(['Common or folk knowledge about animals is dominated by three dimensions: (1) level of cognitive complexity or ""animacy;"" (2) dangerousness or ""predacity;"" and (3) size. We investigated the neural basis of the perceived dangerousness or aggressiveness of animals, which we refer to more generally as ""perception of threat."" Using functional magnetic resonance imaging (fMRI), we analyzed neural activity evoked by viewing images of animal categories that spanned the dissociable semantic dimensions of threat and taxonomic class. The results reveal a distributed network for perception of threat extending along the right superior temporal sulcus. We compared neural representational spaces with target representational spaces based on behavioral judgments and a computational model of early vision and found a processing pathway in which perceived threat emerges as a dominant dimension: whereas visual features predominate in early visual cortex and taxonomy in lateral occipital and ventral temporal cortices, these dimensions fall away progressively from posterior to anterior temporal cortices, leaving threat as the dominant explanatory variable. Our results suggest that the perception of threat in the human brain is associated with neural structures that underlie perception and cognition of social actions and intentions, suggesting a broader role for these regions than has been thought previously, one that includes the perception of potential threat from agents independent of their biological class.'], 'How the Human Brain Represents Perceived Dangerousness or ""Predacity"" of Animals.')",human_connectome
"(['How does the noradrenergic nucleus locus coeruleus act on target networks to regulate behavior? In this issue of Neuron, Zerbi et\xa0al. (2019) combine functional neuroimaging and pharmacogenetics in mice to tackle that question, uncovering a network action underlying stress. And providing insight for cognition?'], 'Locus Coeruleus, Noradrenaline, and Behavior: Network Effect, Network Effects?')",human_connectome
"(['The number of resting state functional connectivity MRI studies continues to expand at a rapid rate along with the options for data processing. Of the processing options, few have generated as much controversy as global signal regression and the subsequent observation of negative correlations (anti-correlations). This debate has motivated new processing strategies and advancement in the field, but has also generated significant confusion and contradictory guidelines. In this article, we work towards a consensus regarding global signal regression. We highlight several points of agreement including the fact that there is not a single ""right"" way to process resting state data that reveals the ""true"" nature of the brain. Although further work is needed, different processing approaches likely reveal complementary insights about the brain\'s functional organisation.'], 'Towards a consensus regarding global signal regression for resting state functional connectivity MRI.')",human_connectome
"([], 'Neural circuit diagrams.')",human_connectome
"(['Hyperactivity of the sympathetic nervous system was considered as one of the factors involved in the pathological mechanisms of premature ejaculation (PE). Sympathetic skin response of the penis (PSSR) was used to evaluate the activity of sympathetic innervations in the penis, which was controlled by the central nervous system (brain). Shorter PSSR was found in PE patients; however, little was known regarding the central neural mechanisms of PE patients with high sympathetic activity.'], 'Graph analysis of DTI-based connectome: decreased local efficiency of subcortical regions in PE patients with high sympathetic activity.')",human_connectome
"(['Human brain is supposed to process information in multiple frequency bands. Therefore, we can extract diverse information from functional Magnetic Resonance Imaging (fMRI) data by processing it at multiple resolutions. We propose a framework, called Hierarchical Multi-resolution Mesh Networks (HMMNs), which establishes a set of brain networks at multiple resolutions of fMRI signal to represent the underlying cognitive process. Our framework, first, decomposes the fMRI signal into various frequency subbands using wavelet transform. Then, a brain network is formed at each subband by ensembling a set of local meshes. Arc weights of each local mesh are estimated by ridge regression. Finally, adjacency matrices of mesh networks obtained at different subbands are used to train classifiers in an ensemble learning architecture, called fuzzy stacked generalization (FSG). Our decoding performances on Human Connectome Project task-fMRI dataset reflect that HMMNs can successfully discriminate tasks with 99% accuracy, across 808 subjects. Diversity of information embedded in mesh networks of multiple subbands enables the ensemble of classifiers to collaborate with each other for brain decoding. The suggested HMMNs decode the cognitive tasks better than a single classifier applied to any subband. Also mesh networks have a better representation power compared to pairwise correlations or average voxel time series. Moreover, fusion of diverse information using FSG outperforms fusion with majority voting. We conclude that, fMRI data, recorded during a cognitive task, provide diverse information in multi-resolution mesh networks. Our framework fuses this complementary information and boosts the brain decoding performances obtained at individual subbands.'], 'Hierarchical multi-resolution mesh networks for brain decoding.')",human_connectome
"(['Various studies in the brain mapping field have demonstrated that there exist multiple concurrent functional networks that are spatially overlapped and interacting with each other during specific task performance to jointly realize the total brain function. Assessing such spatial overlap patterns of functional networks (SOPFNs) based on functional magnetic resonance imaging (fMRI) has thus received increasing interest for brain function studies. However, there are still two crucial issues to be addressed. First, the SOPFNs are assessed over the entire fMRI scan assuming the temporal stationarity, while possibly time-dependent dynamics of the SOPFNs is not sufficiently explored. Second, the SOPFNs are assessed within individual subjects, while group-wise consistency of the SOPFNs is largely unknown.'], 'Temporal Dynamics Assessment of Spatial Overlap Pattern of Functional Brain Networks Reveals Novel Functional Architecture of Cerebral Cortex.')",human_connectome
"(['Magnetic resonance imaging has become an indispensable tool for studying associations of structural and functional properties of the brain with behavior in humans. However, generally recognized standards for assessing and reporting the reliability of these techniques are still lacking. Here, we introduce a new approach for assessing and reporting reliability, termed intra-class effect decomposition (ICED). ICED uses structural equation modeling of data from a repeated-measures design to decompose reliability into orthogonal sources of measurement error that are associated with different characteristics of the measurements, for example, session, day, or scanning site. This allows researchers to describe the magnitude of different error components, make inferences about error sources, and inform them in planning future studies. We apply ICED to published measurements of myelin content and resting state functional connectivity. These examples illustrate how longitudinal data can be leveraged separately or conjointly with cross-sectional data to obtain more precise estimates of reliability.'], 'Assessing reliability in neuroimaging research through intra-class effect decomposition (ICED).')",human_connectome
"([""Studies consistently implicate aberrance of the brain's reward-processing and decision-making networks in disorders featuring high levels of impulsivity, such as attention-deficit hyperactivity disorder, substance use disorder, and psychopathy. However, less is known about the neurobiological determinants of individual differences in impulsivity in the general population. In this study of 105 healthy adults, we examined relationships between impulsivity and three neurobiological metrics - gray matter volume, resting-state functional connectivity, and spontaneous eye-blink rate, a physiological indicator of central dopaminergic activity. Impulsivity was measured both by performance on a task of behavioral inhibition (go/no-go task) and by self-ratings of attentional, motor, and non-planning impulsivity using the Barratt Impulsiveness Scale (BIS-11). Overall, we found that less gray matter in medial orbitofrontal cortex and paracingulate gyrus, greater resting-state functional connectivity between nodes of the basal ganglia-thalamo-cortical network, and lower spontaneous eye-blink rate were associated with greater impulsivity. Specifically, less prefrontal gray matter was associated with higher BIS-11 motor and non-planning impulsivity scores, but was not related to task performance; greater correlated resting-state functional connectivity between the basal ganglia and thalamus, motor cortices, and prefrontal cortex was associated with worse no-go trial accuracy on the task and with higher BIS-11 motor impulsivity scores; lower spontaneous eye-blink rate was associated with worse no-go trial accuracy and with higher BIS-11 motor impulsivity scores. These data provide evidence that individual differences in impulsivity in the general population are related to variability in multiple neurobiological metrics in the brain's reward-processing and decision-making networks.""], 'Neurobiological correlates of impulsivity in healthy adults: Lower prefrontal gray matter volume and spontaneous eye-blink rate but greater resting-state functional connectivity in basal ganglia-thalamo-cortical circuitry.')",human_connectome
"(['In this paper we propose a novel algorithm which leverages models of white matter fibre dispersion to improve tractography. Tractography methods exploit directional information from diffusion weighted magnetic resonance (DW-MR) imaging to infer connectivity between different brain regions. Most tractography methods use a single direction (e.g. the principal eigenvector of the diffusion tensor) or a small set of discrete directions (e.g. from the peaks of an orientation distribution function) to guide streamline propagation. This strategy ignores the effects of within-bundle orientation dispersion, which arises from fanning or bending at the sub-voxel scale, and can lead to missing connections. Various recent DW-MR imaging techniques estimate the fibre dispersion in each bundle directly and model it as a continuous distribution. Here we introduce an algorithm to exploit this information to improve tractography. The algorithm further uses a particle filter to probe local neighbourhood structure during streamline propagation. Using information gathered from neighbourhood structure enables the algorithm to resolve ambiguities between converging and diverging fanning structures, which cannot be distinguished from isolated orientation distribution functions. We demonstrate the advantages of the new approach in synthetic experiments and in vivo data. Synthetic experiments demonstrate the effectiveness of the particle filter in gathering and exploiting neighbourhood information in recovering various canonical fibre configurations and experiments with in vivo brain data demonstrate the advantages of utilising dispersion in tractography, providing benefits in practical situations.'], 'Beyond crossing fibers: tractography exploiting sub-voxel fibre dispersion and neighbourhood structure.')",human_connectome
"(['22q11.2 deletion syndrome (22q11DS) is the third-largest known genetic risk factor for the development of psychosis. Dysconnectivity has consistently been implicated in the physiopathology of psychosis. Structural covariance of cortical morphology is a method of exploring connectivity among brain regions that to date has not been employed in 22q11DS.'], 'Cortical Dysconnectivity Measured by Structural Covariance Is Associated With the Presence of Psychotic Symptoms in 22q11.2 Deletion Syndrome.')",human_connectome
"(['Several methods have been applied to EEG or MEG signals to detect functional networks. In recent works using MEG/EEG and fMRI data, temporal ICA analysis has been used to extract spatial maps of resting-state networks with or without an atlas-based parcellation of the cortex. Since the links between the fMRI signal and the electromagnetic signals are not fully established, and to avoid any bias, we examined whether EEG alone was able to derive the spatial distribution and temporal characteristics of functional networks. To do so, we propose a two-step original method: 1) An individual multi-frequency data analysis including EEG-based source localisation and spatial independent component analysis, which allowed us to characterize the resting-state networks. 2) A group-level analysis involving a hierarchical clustering procedure to identify reproducible large-scale networks across the population. Compared with large-scale resting-state networks obtained with fMRI, the proposed EEG-based analysis revealed smaller independent networks thanks to the high temporal resolution of EEG, hence hierarchical organization of networks. The comparison showed a substantial overlap between EEG and fMRI networks in motor, premotor, sensory, frontal, and parietal areas. However, there were mismatches between EEG-based and fMRI-based networks in temporal areas, presumably resulting from a poor sensitivity of fMRI in these regions or artefacts in the EEG signals. The proposed method opens the way for studying the high temporal dynamics of networks at the source level thanks to the high temporal resolution of EEG. It would then become possible to study detailed measures of the dynamics of connectivity.'], 'Large-Scale Functional Networks Identified from Resting-State EEG Using Spatial ICA.')",human_connectome
"([""Following severe injuries that result in disorders of consciousness, recovery can occur over many months or years post-injury. While post-injury synaptogenesis, axonal sprouting and functional reorganization are known to occur, the network-level processes underlying recovery are poorly understood. Here, we test a network-level functional rerouting hypothesis in recovery of patients with disorders of consciousness following severe brain injury. This hypothesis states that the brain recovers from injury by restoring normal functional connections via alternate structural pathways that circumvent impaired white matter connections. The so-called network diffusion model, which relates an individual's structural and functional connectomes by assuming that functional activation diffuses along structural pathways, is used here to capture this functional rerouting. We jointly examined functional and structural connectomes extracted from MRIs of 12 healthy and 16 brain-injured subjects. Connectome properties were quantified via graph theoretic measures and network diffusion model parameters. While a few graph metrics showed groupwise differences, they did not correlate with patients' level of consciousness as measured by the Coma Recovery Scale - Revised. There was, however, a strong and significant partial Pearson's correlation (accounting for age and years post-injury) between level of consciousness and network diffusion model propagation time (r\xa0=\xa00.76, p\xa0<\xa00.05, corrected), i.e. the time functional activation spends traversing the structural network. We concluded that functional rerouting via alternate (and less efficient) pathways leads to increases in network diffusion model propagation time. Simulations of injury and recovery in healthy connectomes confirmed these results. This work establishes the feasibility for using the network diffusion model to capture network-level mechanisms in recovery of consciousness after severe brain injury.""], 'The application of a mathematical model linking structural and functional connectomes in severe brain injury.')",human_connectome
"([""Schizophrenia is a heterogeneous disorder that exhibits variable responsiveness to treatment between individuals. Here we conducted a resting-state functional magnetic resonance imaging (rs-fMRI) study to determine whether resistance to first-line antipsychotics is reflected in resting-state connectivity. rs-fMRI data were collected from 15 people who had failed to respond to first-line antipsychotics (clozapine-eligible) and 10 first-line treatment responders (FLR). Image pre-processing and analysis were performed using FMRIB's software library (FSL). Data was decomposed into spatial and temporal components using independent components analysis. Connectivity within each independent component was compared between groups using t-tests and the Bonferroni correction for multiple comparisons. Gender was added as a covariate. Clozapine-eligible individuals exhibited enhanced functional connectivity within the sensorimotor network compared with FLR. Those eligible for clozapine showed additional connectivity with the precuneus compared with FLR. No other comparisons reached statistical significance and no effect of gender was observed. These data reveal differences in functional connectivity between FLR and those eligible for clozapine and suggest that greater connectivity between the SMN and precuneus may be indicative of treatment resistance in people with schizophrenia.""], 'Increased sensorimotor network connectivity associated with clozapine eligibility in people with schizophrenia.')",human_connectome
"(['Dynamic functional connectivity metrics have much to offer to the neuroscience of individual differences of cognition. Yet, despite the recent expansion in dynamic connectivity research, limited resources have been devoted to the study of the reliability of these connectivity measures. To address this, resting-state functional magnetic resonance imaging data from 100 Human Connectome Project subjects were compared across 2 scan days. Brain states (i.e., patterns of coactivity across regions) were identified by classifying each time frame using k means clustering. This was done with and without global signal regression (GSR). Multiple gauges of reliability indicated consistency in the brain-state properties across days and GSR attenuated the reliability of the brain states. Changes in the brain-state properties across the course of the scan were investigated as well. The results demonstrate that summary metrics describing the clustering of individual time frames have adequate test/retest reliability, and thus, these patterns of brain activation may hold promise for individual-difference research.'], 'Investigating the Intersession Reliability of Dynamic Brain-State Properties.')",human_connectome
"([""Global signal regression is a controversial processing step for resting-state functional magnetic resonance imaging, partly because the source of the global blood oxygen level-dependent (BOLD) signal remains unclear. On the one hand, nuisance factors such as motion can readily introduce coherent BOLD changes across the whole brain. On the other hand, the global signal has been linked to neural activity and vigilance levels, suggesting that it contains important neurophysiological information and should not be discarded. Any widespread pattern of coordinated activity is likely to contribute appreciably to the global signal. Such patterns may include large-scale quasiperiodic spatiotemporal patterns, known also to be tied to performance on vigilance tasks. This uncertainty surrounding the separability of the global BOLD signal from concurrent neurological processes motivated an examination of the global BOLD signal's spatial distribution. The results clarify that although the global signal collects information from all tissue classes, a diverse subset of the BOLD signal's independent components contribute the most to the global signal. Further, the timing of each network's contribution to the global signal is not consistent across volunteers, confirming the independence of a constituent process that comprises the global signal.""], 'The Not-So-Global Blood Oxygen Level-Dependent Signal.')",human_connectome
"(['We exploit flow propagation on the directed neuronal network of the nematode C. elegans to reveal dynamically relevant features of its connectome. We find flow-based groupings of neurons at different levels of granularity, which we relate to functional and anatomical constituents of its nervous system. A systematic in silico evaluation of the full set of single and double neuron ablations is used to identify deletions that induce the most severe disruptions of the multi-resolution flow structure. Such ablations are linked to functionally relevant neurons, and suggest potential candidates for further in vivo investigation. In addition, we use the directional patterns of incoming and outgoing network flows at all scales to identify flow profiles for the neurons in the connectome, without pre-imposing a priori categories. The four flow roles identified are linked to signal propagation motivated by biological input-response scenarios.'], 'Flow-Based Network Analysis of the Caenorhabditis elegans Connectome.')",human_connectome
"(['A network approach to brain and dynamics opens new perspectives towards understanding of its function. The functional connectivity from functional MRI recordings in humans is widely explored at large scale, and recently also at the voxel level. The networks of dynamical directed connections are far less investigated, in particular at the voxel level. To reconstruct full brain effective connectivity network and study its topological organization, we present a novel approach to multivariate Granger causality which integrates information theory and the architecture of the dynamical network to efficiently select a limited number of variables. The proposed method aggregates conditional information sets according to community organization, allowing to perform Granger causality analysis avoiding redundancy and overfitting even for high-dimensional and short datasets, such as time series from individual voxels in fMRI. We for the first time depicted the voxel-wise hubs of incoming and outgoing information, called Granger causality density (GCD), as a complement to previous repertoire of functional and anatomical connectomes. Analogies with these networks have been presented in most part of default mode network; while differences suggested differences in the specific measure of centrality. Our findings could open the way to a new description of global organization and information influence of brain function. With this approach is thus feasible to study the architecture of directed networks at the voxel level and individuating hubs by investigation of degree, betweenness and clustering coefficient.'], 'Mapping the voxel-wise effective connectome in resting state FMRI.')",human_connectome
"(['Brain connectomes are topologically complex systems, anatomically embedded in 3D space. Anatomical conservation of ""wiring cost"" explains many but not all aspects of these networks. Here, we examined the relationship between topology and wiring cost in the mouse connectome by using data from 461 systematically acquired anterograde-tracer injections into the right cortical and subcortical regions of the mouse brain. We estimated brain-wide weights, distances, and wiring costs of axonal projections and performed a multiscale topological and spatial analysis of the resulting weighted and directed mouse brain connectome. Our analysis showed that the mouse connectome has small-world properties, a hierarchical modular structure, and greater-than-minimal wiring costs. High-participation hubs of this connectome mediated communication between functionally specialized and anatomically localized modules, had especially high wiring costs, and closely corresponded to regions of the default mode network. Analyses of independently acquired histological and gene-expression data showed that nodal participation colocalized with low neuronal density and high expression of genes enriched for cognition, learning and memory, and behavior. The mouse connectome contains high-participation hubs, which are not explained by wiring-cost minimization but instead reflect competitive selection pressures for integrated network topology as a basis for higher cognitive and behavioral functions.'], 'Wiring cost and topological participation of the mouse brain connectome.')",human_connectome
"(['Pathophysiological concepts in delirium are not sufficient to define objective biomarkers suited to improve clinical approaches. Advances in neuroimaging have revalued electroencephalography (EEG) as a tool to assess oscillatory network activity in neuropsychiatric disease. Yet, research in the field is limited to small populations and largely confined to postoperative delirium, which impedes generalizability of findings and planning of prospective studies in other populations. This study aimed to assess effect sizes of connectivity measures in a large mixed population to demonstrate that there are measurable EEG differences between delirium and control patients.'], 'Delirium is associated with frequency band specific dysconnectivity in intrinsic connectivity networks: preliminary evidence from a large retrospective pilot case-control study.')",human_connectome
"([""Target identification and contact selection are known contributors to variability in efficacy across different clinical indications of deep brain stimulation surgery. A retrospective analysis of responders to subcallosal cingulate deep brain stimulation (SCC DBS) for depression demonstrated the common impact of the electrical stimulation on a stereotypic connectome of converging white matter bundles (forceps minor, uncinate fasciculus, cingulum and fronto-striatal fibers). To test the utility of a prospective connectomic approach for SCC DBS surgery, this pilot study used the four-bundle tractography 'connectome blueprint' to plan surgical targeting in 11 participants with treatment-resistant depression. Before surgery, targets were selected individually using deterministic tractography. Selection of contacts for chronic stimulation was made by matching the post-operative probabilistic tractography map to the pre-surgical deterministic tractography map for each subject. Intraoperative behavioral responses were used as a secondary verification of location. A probabilistic tract map of all participants demonstrated inclusion of the four bundles as intended, matching the connectome blueprint previously defined. Eight of 11 patients (72.7%) were responders and 5 were remitters after 6 months of open-label stimulation. At one year, 9 of 11 patients (81.8%) were responders, with 6 of them in remission. These results support the utility of a group probabilistic tractography map as a connectome blueprint for individualized, patient-specific, deterministic tractography targeting, confirming retrospective findings previously published. This new method represents a connectomic approach to guide future SCC DBS studies.""], 'A connectomic approach for subcallosal cingulate deep brain stimulation surgery: prospective targeting in treatment-resistant depression.')",human_connectome
"(['The human brain is remarkably complex with connectivity constituting its basic organizing principle. Although long-range connectivity has been focused on in most research, short-range connectivity is characterized by unique and spatiotemporally heterogeneous dynamics from infancy to adulthood. Alterations in the maturational dynamics of short-range connectivity has been associated with neuropsychiatric disorders, such as autism and schizophrenia. Recent advances in neuroimaging techniques, especially diffusion magnetic resonance imaging (dMRI), resting-state functional MRI (rs-fMRI), electroencephalography (EEG) and magnetoencephalography (MEG), have made quantification of short-range connectivity possible in pediatric populations. This review summarizes findings on the development of short-range functional and structural connections at the macroscale. These findings suggest an inverted U-shaped pattern of maturation from primary to higher-order brain regions, and possible ""hyper-"" and ""hypo-"" short-range connections in autism and schizophrenia, respectively. The precisely balanced short- and long-range connections contribute to the integration and segregation of the connectome during development. The mechanistic relationship among short-range connectivity maturation, the developmental connectome and emerging brain functions needs further investigation, including the refinement of methodological approaches.'], 'Short-range connections in the developmental connectome during typical and atypical brain maturation.')",human_connectome
"(['Electroconvulsive therapy (ECT) works rapidly and has been widely used to treat depressive disorders (DEP). However, identifying biomarkers predictive of response to ECT remains a priority to individually tailor treatment and understand treatment mechanisms. This study used a connectome-based predictive modeling (CPM) approach in 122 patients with DEP to determine if pre-ECT whole-brain functional connectivity (FC) predicts depressive rating changes and remission status after ECT (47 of 122 total subjects or 38.5% of sample), and whether pre-ECT and longitudinal changes (pre/post-ECT) in regional brain network biomarkers are associated with treatment-related changes in depression ratings. Results show the networks with the best predictive performance of ECT response were negative (anti-correlated) FC networks, which predict the post-ECT depression severity (continuous measure) with a 76.23% accuracy for remission prediction. FC networks with the greatest predictive power were concentrated in the prefrontal and temporal cortices and subcortical nuclei, and include the inferior frontal (IFG), superior frontal (SFG), superior temporal (STG), inferior temporal gyri (ITG), basal ganglia (BG), and thalamus (Tha). Several of these brain regions were also identified as nodes in the FC networks that show significant change pre-/post-ECT, but these networks were not related to treatment response. This study design has limitations regarding the longitudinal design and the absence of a control group that limit the causal inference regarding mechanism of post-treatment status. Though predictive biomarkers remained below the threshold of those recommended for potential translation, the analysis methods and results demonstrate the promise and generalizability of biomarkers for advancing personalized treatment strategies.'], 'Preliminary prediction of individual response to electroconvulsive therapy using whole-brain functional magnetic resonance imaging data.')",human_connectome
"(['In personality neuroscience, the openness-brain association has been a topic of interest. Previous studies usually started from difference in openness trait and used it to infer brain functional activity characteristics, but no study has used a ""brain-first"" research strategy to explore that association based on more objective brain imaging data. In this study, we used a fully data-driven approach to discover and validate the association between openness and the resting-state brain network. We collected data of 120 subjects as a discovery sample and 56 subjects as a validation sample. The Neuroticism Extraversion Openness Five-Factor Inventory (NEO-FFI) was used to measure the personality characteristics of all the subjects. Using an exploratory approach based on independent component analysis of resting-state functional magnetic resonance imaging (fMRI) data, we identified a parietal network that consisted of the precuneus and inferior parietal lobe. The inter-subject similarity of the parietal memory network exhibited significant associations with openness trait, and this association was validated using the 56-subject independent sample. This finding connects the openness trait to the characteristics of a neural network and helps to understand the underlying biology of the openness trait.'], 'Connecting Openness and the Resting-State Brain Network: A Discover-Validate Approach.')",human_connectome
"(['Alterations in resting-state functional connectivity (rsFC) have been demonstrated in Posttraumatic Stress Disorder (PTSD). However, such reports have primarily focused on adult participants, whereas findings in adolescents with PTSD are mixed and not entirely consistent with the adult literature. Here, we examined rsFC in a non-treatment seeking adolescent sample with posttraumatic stress symptoms (PTSS; n\xa0=\xa059) relative to asymptomatic controls (n\xa0=\xa0226). We also examined differences between trauma-exposed and non-exposed control subgroups (TEC n\xa0=\xa073 and Non-TEC n\xa0=\xa0153) to examine alterations associated with more general trauma exposure. Finally, we compared the PTSS and TEC groups, to confirm that the reported alterations in PTSS were not driven by trauma exposure. Using a seed-based approach, we examined connectivity of default-mode (DMN) and salience (SN) networks, where alterations have been previously reported. Results suggest that PTSS are associated with less within-DMN connectivity and greater SN-DMN connectivity, as well as altered connectivity with attention regions. Trauma exposure is associated with greater within-SN connectivity. Additionally, we report findings from exploratory connectome-based analysis, which demonstrate a number of topological alterations within DMN in the PTSS group. Overall, our findings replicate prior reports of altered rsFC in PTSD and extend them to non-treatment seeking, trauma-exposed adolescents, who did or did not report PTSS. They specifically highlight SN-DMN desegregation, lower within-DMN and greater within-SN connectivity, as well as altered connectivity with attention regions, in trauma-exposed adolescents. Future research is required to confirm that adolescents with diagnosed PTSD have similar/exacerbated connectivity patterns.'], 'Altered resting-state functional connectivity in adolescents is associated with PTSD symptoms and trauma exposure.')",human_connectome
"([""Information flow among auditory and language processing-related regions implicated in the pathophysiology of auditory verbal hallucinations (AVHs) in schizophrenia (SZ) remains unclear. In this study, we used stochastic dynamic causal modeling (sDCM) to quantify connections among the left dorsolateral prefrontal cortex (inner speech monitoring), auditory cortex (auditory processing), hippocampus (memory retrieval), thalamus (information filtering), and Broca's area (language production) in 17 first-episode drug-naïve SZ patients with AVHs, 15 without AVHs, and 19 healthy controls using resting-state functional magnetic resonance imaging. Finally, we performed receiver operating characteristic (ROC) analysis and correlation analysis between image measures and symptoms. sDCM revealed an increased sensitivity of auditory cortex to its thalamic afferents and a decrease in hippocampal sensitivity to auditory inputs in SZ patients with AVHs. The area under the ROC curve showed the diagnostic value of these two connections to distinguish SZ patients with AVHs from those without AVHs. Furthermore, we found a positive correlation between the strength of the connectivity from Broca's area to the auditory cortex and the severity of AVHs. These findings demonstrate, for the first time, augmented AVH-specific excitatory afferents from the thalamus to the auditory cortex in SZ patients, resulting in auditory perception without external auditory stimuli. Our results provide insights into the neural mechanisms underlying AVHs in SZ. This thalamic-auditory cortical-hippocampal dysconnectivity may also serve as a diagnostic biomarker of AVHs in SZ and a therapeutic target based on direct in vivo evidence.""], 'Abnormal Effective Connectivity in the Brain is Involved in Auditory Verbal Hallucinations in Schizophrenia.')",human_connectome
"(['Here, we report the findings after application of neurobiotin tracing to pallial and stellar nerves in the mantle of the cephalopod mollusk Octopus vulgaris and to the axial nerve cord in its arm. Neurobiotin backfilling is a known technique in other molluscs, but it is applied to octopus for the first time to be best of our knowledge. Different neural tracing techniques have been carried out in cephalopods to study the intricate neural connectivity of their nervous system, but mapping the nervous connections in this taxon is still incomplete, mainly due to the absence of a reliable tracing method allowing whole-mount imaging. In our experiments, neurobiotin backfilling allowed: (1) imaging of large/thick samples (larger than 2\xa0mm) through optical clearing; (2) additional application of immunohistochemistry on the backfilled tissues, allowing identification of neural structures by coupling of a specific antibody. This work opens a series of future studies aimed to the identification of the neural diagram and connectome of octopus nervous system.'], 'Neural pathways in the pallial nerve and arm nerve cord revealed by neurobiotin backfilling in the cephalopod mollusk Octopus vulgaris.')",human_connectome
"(['Accurate determination of the epileptogenic focus is of paramount diagnostic and therapeutic importance in epilepsy. The current gold standard for focus localization is from ictal (seizure) onset and thus requires the occurrence and recording of multiple typical seizures of a patient. Localization of the focus from seizure-free (interictal) periods remains a challenging problem, especially in the absence of interictal epileptiform activity.'], 'The Concept of Effective Inflow: Application to Interictal Localization of the Epileptogenic Focus From iEEG.')",human_connectome
"(['This study examined whether the association between age and amygdala-medial prefrontal cortex (mPFC) connectivity in typically developing 6- to 10-year-old children is correlated with parental care. Resting-state functional magnetic resonance imaging scans were acquired from 124 children of the Generation R Study who at 4 years old had been observed interacting with their parents to assess maternal and paternal sensitivity. Amygdala functional connectivity was assessed using a general linear model with the amygdalae time series as explanatory variables. Higher level analyses assessing Sensitivity × Age as well as exploratory Sensitivity × Age × Gender interaction effects were performed restricted to voxels in the mPFC. We found significant Sensitivity × Age interaction effects on amygdala-mPFC connectivity. Age was related to stronger amygdala-mPFC connectivity in children with a lower combined parental sensitivity score (b = 0.11, p = .004, b = 0.06, p = .06, right and left amygdala, respectively), but not in children with a higher parental sensitivity score, (b = -0.07, p = .12, b = -0.06, p = .12, right and left amygdala, respectively). A similar effect was found for maternal sensitivity, with stronger amygdala-mPFC connectivity in children with less sensitive mothers. Exploratory (parental, maternal, paternal) Sensitivity × Age × Gender interaction analyses suggested that this effect was especially pronounced in girls. Amygdala-mPFC resting-state functional connectivity has been shown to increase from age 10.5 years onward, implying that the positive association between age and amygdala-mPFC connectivity in 6- to 10-year-old children of less sensitive parents represents accelerated development of the amygdala-mPFC circuit.'], 'Insensitive parenting may accelerate the development of the amygdala-medial prefrontal cortex circuit.')",human_connectome
"(['Previous structural brain connectivity studies have mainly focussed on the macroscopic scale of around 1,000 or fewer brain areas (network nodes). However, it has recently been demonstrated that high resolution structural connectomes of around 50,000 nodes can be generated reproducibly. In this study, we infer high resolution brain connectivity matrices using diffusion imaging data from the Human Connectome Project. With such high resolution we are able to analyse networks within brain areas in a single subject. We show that the global network has a scale invariant topological organisation, which means there is a hierarchical organisation of the modular architecture. Specifically, modules within brain areas are spatially localised. We find that long range connections terminate between specific modules, whilst short range connections via highly curved association fibers terminate within modules. We suggest that spatial locations of white matter modules overlap with cytoarchitecturally distinct grey matter areas and may serve as the structural basis for function specialisation within brain areas. Future studies might elucidate how brain diseases change this modular architecture within brain areas.'], 'Within brain area tractography suggests local modularity using high resolution connectomics.')",human_connectome
"(['Disturbed hypothalamus-pituitary-adrenal axis function, which leads to excessive and prolonged hypercortisolemia, is a core feature of major depressive disorder (MDD). However, the relationships between depression, brain structure and function, and cortisol levels are unclear. The current study examined the whole-brain functional connectivity pattern of patients with MDD and evaluated the association between functional connectivity and serum cortisol levels in MDD. A total of 93 unmedicated patients with MDD and 139 healthy control subjects underwent resting-state functional magnetic resonance imaging. Voxel-wise whole-brain connectivity was analyzed by using a graph theory approach: functional connectivity strength (FCS). A seed-based resting-state functional connectivity analysis was further performed to investigate abnormal functional connectivity patterns of those regions with changed FCS. Morning blood samples were drawn for cortisol measurements in some subjects (including 53 MDD patients and 30 controls). The MDD patients had a significantly lower FCS in the left posterior lobes of the cerebellum (mainly lobule Crus II) (p\u202f<\u202f0.05, TFCE corrected). The seed-based functional connectivity analysis revealed decreased functional connectivity between the left posterior cerebellum and the left medial orbitofrontal cortex (OFC) (p\u202f<\u202f0.05, TFCE corrected). Moreover, the functional connectivity between the left posterior cerebellum and the left medial OFC were significantly positively correlated with the serum cortisol levels in MDD patients. Our results suggest that cerebellar dysconnectivity, in particular distributed cerebellar-OFC functional connectivity, may be associated with serum cortisol levels in MDD patients.'], 'Association between resting-state brain functional connectivity and cortisol levels in unmedicated major depressive disorder.')",human_connectome
"(['The connectivity of neuronal systems is their most fundamental characteristic. Here, we focus on recent developments in understanding structural and functional connectivity at the macroscale, which is accessible with current imaging technology. Structural connectivity is examined via diffusion weighted imaging methods, of which diffusion tensor imaging is the most frequently used. Many cross-sectional and an increasing number of longitudinal studies using diffusion tensor imaging have been recently conducted over the period of development starting with newborns. Functional connectivity has been studied through task-based functional magnetic resonance imaging, and increasingly through studies on task-free functional imaging, also known as resting state functional imaging. The study of intrinsic functional connectivity beginning during fetal life reveals the developmental organization of intrinsic connectivity networks such as the default mode network, the dorsal attention network, the frontal-parietal executive control network, as well as primary cortical networks. As methods of examining both structural and functional connectivity mature, they increasingly inform our understanding of the development of connectivity in service of the long-term goal of delineating the substrates of much of developmental psychopathology.'], 'Connectivity.')",human_connectome
"(['The dopamine hypothesis of schizophrenia implies that alterations in the dopamine system cause functional abnormalities in the brain that may converge to aberrant salience attribution and eventually lead to psychosis. Indeed, widespread brain disconnectivity across the psychotic spectrum has been revealed by resting-state functional magnetic resonance imaging (rs-fMRI). However, the dopaminergic involvement in intrinsic functional connectivity (iFC) and its putative relationship to the development of psychotic spectrum disorders remains partly unclear-in particular at the low-end of the psychosis continuum. Therefore, we investigated dopamine-induced changes in striatal iFC and their modulation by psychometrically assessed schizotypy. Our randomized, double-blind placebo-controlled study design included 54 healthy, right-handed male participants. Each participant was assessed with the Schizotypal Personality Questionnaire (SPQ) and underwent 10 minutes of rs-fMRI scanning. Participants then received either a placebo or 200 mg of L-DOPA, a dopamine precursor. We analyzed iFC of 6 striatal seeds that are known to evoke modulation of dopamine-related networks. The main effect of L-DOPA was a significant functional decoupling from the right ventral caudate to both occipital fusiform gyri. This dopamine-induced decoupling emerged primarily in participants with low SPQ scores, while participants with high positive SPQ scores showed decoupling indifferently of the L-DOPA challenge. Taken together, these findings demonstrate that schizotypal traits may be the result of dopamine-induced striato-occipital decoupling.'], 'Schizotypal Traits are Linked to Dopamine-Induced Striato-Cortical Decoupling: A Randomized Double-Blind Placebo-Controlled Study.')",human_connectome
"(['Control of multiple life-critical physiological and behavioral functions requires the hypothalamus. Here, we provide a comprehensive description and rigorous analysis of mammalian intrahypothalamic network architecture. To achieve this at the gray matter region (macroscale) level, macroscale connection (macroconnection) data for the rat hypothalamus were extracted from the primary literature. The dataset indicated the existence of 7,982 (of 16,770 possible) intrahypothalamic macroconnections. Network analysis revealed that the intrahypothalamic macroconnection network (its macroscale subconnectome) is divided into two identical top-level subsystems (or subnetworks), each composed of two nested second-level subsystems. At the top-level, this suggests a deeply integrated network; however, regional grouping of the two second-level subsystems suggested a partial separation between control of physiological functions and behavioral functions. Furthermore, inclusion of four candidate hubs (dominant network nodes) in the second-level subsystem that is associated prominently with physiological control suggests network primacy with respect to this function. In addition, comparison of network analysis with expression of gene markers associated with inhibitory (GAD65) and excitatory (VGLUT2) neurotransmission revealed a significant positive correlation between measures of network centrality (dominance) and the inhibitory marker. We discuss these results in relation to previous understandings of hypothalamic organization and provide, and selectively interrogate, an updated hypothalamus structure-function network model to encourage future hypothesis-driven investigations of identified hypothalamic subsystems.'], 'Macroscale intrinsic network architecture of the hypothalamus.')",human_connectome
"([], 'Indexing the neurobiology of psychotic depression with resting state connectivity: Insights from the STOP-PD study.')",human_connectome
"(['At present, little is known about brain functional connectivity and its small-world topologic properties in first-episode schizophrenia (SZ) patients during cool executive function task. In this paper, the Trail Making Test-B (TMT-B) task was used to evaluate the cool executive function of first-episode SZ patients and electroencephalography (EEG) data were recorded from 14 first-episode SZ patients and 14 healthy controls during this cool executive function task. Brain functional connectivity between all pairs of EEG channels was constructed based on mutual information (MI) analysis. The constructed brain functional networks were filtered by three thresholding schemes: absolute threshold, mean degree, and a novel data-driven scheme based on orthogonal minimal spanning trees (OMST), and graph theory was then used to study the topographical characteristics of the filtered brain graphs. Results indicated that the graph theoretical measures of the theta band showed obvious difference between SZ patients and healthy controls. In the theta band, the characteristic path length was significantly longer and the cluster coefficient was significantly smaller in the SZ patients for a wide range of absolute threshold T. However, the cluster coefficient showed no significant changes, and the characteristic path length was still significantly longer in SZ patients when calculated as a function of mean degree K. Interestingly, we also found that only the characteristic path length was significantly longer in SZ patients compared with healthy controls after using the OMST scheme. Pearson correlation analysis showed that the characteristic path length was positively correlated with executive time of TMT-B for the combined SZ patients and healthy controls (r = 0.507, P = 0.006), but not for SZ patients alone (r = 0.072, P = 0.612). The above results suggested a less optimal organization of the brain network and could be useful for understanding the pathophysiologic mechanisms underlying cool executive dysfunction in first-episode SZ patients.'], 'Altered Small-World Networks in First-Episode Schizophrenia Patients during Cool Executive Function Task.')",human_connectome
"(['This book has brought together leading investigators who work in the new arena of brain connectomics. This includes ‘macro-connectome’ efforts to comprehensively chart long-distance pathways and functional networks; ‘micro-connectome’ efforts to identify every neuron, axon, dendrite, synapse, and glial process within restricted brain regions; and ‘meso-connectome’ efforts to systematically map both local and long-distance connections using anatomical tracers. This book highlights cutting-edge methods that can accelerate progress in elucidating static ‘hard-wired’ circuits of the brain as well as dynamic interactions that are vital for brain function. The power of connectomic approaches in characterizing abnormal circuits in the many brain disorders that afflict humankind is considered. Experts in computational neuroscience and network theory provide perspectives needed for synthesizing across different scales in space and time. Altogether, this book provides an integrated view of the challenges and opportunities in deciphering brain circuits in health and disease.'], 'Micro-, Meso- and Macro-Connectomics of the Brain [Internet].')",human_connectome
"(['Hypo/reduced activity in motor response inhibition (RI) cerebral networks was recently proposed as a promising specific neurobiological marker of attention deficit-hyperactivity disorder (ADHD). Before adopting such a pattern as a key diagnosis tool, we aim to replicate in an independent study the mechanisms underlying reduced RI-related activity in ADHD, after controlling for potentially confounding effects.'], 'Hyperactivity in motor response inhibition networks in unmedicated children with attention deficit-hyperactivity disorder.')",human_connectome
"(['Representations of objects and actions in everyday speech are usually materialized as nouns and verbs, two grammatical classes that constitute the core elements of language. Given their very distinct roles in singling out objects (nouns) or referring to transformative actions (verbs), they likely rely on distinct brain circuits.'], 'Separate neural systems support representations for actions and objects during narrative speech in post-stroke aphasia.')",human_connectome
"(['Simulated environments present challenges to both clinical experts and novices in laparoscopic surgery. Experts and novices may have different expectations when confronted with a novel simulated environment. The LapSim is a computer-based virtual reality laparoscopic trainer. Our aim was to analyze the performance of experienced basic laparoscopists and novices during their first exposure to the LapSim Basic Skill set and Dissection module.'], 'The LapSim: a learning environment for both experts and novices.')",virtual_reality
"([], 'Assessment and Treatment of Autism Spectrum Disorders with Virtual Reality: A Comprehensive Research Chart.')",virtual_reality
"(['Optical see-through head mounted displays (OST-HMDs) offer a mixed reality (MixR) experience with unhindered procedural site visualization during procedures using high resolution radiographic imaging. This technical note describes our preliminary experience with percutaneous spine procedures utilizing OST-HMD as an alternative to traditional angiography suite monitors.'], 'Image guided percutaneous spine procedures using an optical see-through head mounted display: proof of concept and rationale.')",virtual_reality
"(['In hemispatial neglect, space can be dissociated on the basis of ""near"" peripersonal vs ""far"" extrapersonal space. The clinical manifestations of neglect can be modified by having patients use a tool to explore ""far"" extrapersonal space. An explanation for this is that the use of a stick produced an extension of body space resulting in a remapping of ""far"" space as ""near"" space.'], 'Improving left hemispatial neglect using virtual reality.')",virtual_reality
"(['Unilateral spatial neglect (USN) is defined as impaired ability to attend and see on one side, and when present, it interferes seriously with daily life. These symptoms can exist for near and far spaces combined or independently, and it is important to provide effective intervention for near and far space neglect.'], 'Validation of an immersive virtual reality system for training near and far space neglect in individuals with stroke: a pilot study.')",virtual_reality
"(['Surgical training systems based on virtual reality (VR) and simulation techniques offer a cost-effective and efficient alternative to traditional training methods. This paper describes a virtual reality system for training arthroscopic knee surgery. The virtual model used in this system is constructed from the Visual Human Project dataset. The system simulates the real-time deformation of soft tissue with topological change using finite element analysis. To offer the realistic tactile feedback, we construct a specialized force feedback hardware.'], 'Virtual reality based system for training on knee arthroscopic surgery.')",virtual_reality
"([], 'Does virtual reality training make sense in interventional radiology? Training skill-, rule- and knowledge-based behavior.')",virtual_reality
"(['Virtual reality simulators allow trainees to practice techniques without consequences, reduce potential risk associated with training, minimize animal use, and help to develop standards and optimize procedures. Current intravenous (IV) catheter placement training methods utilize plastic arms, however, the lack of variability can diminish the educational stimulus for the student. This study compares the effectiveness of an interactive, multimedia, virtual reality computer IV catheter simulator with a traditional laboratory experience of teaching IV venipuncture skills to both nursing and medical students.'], 'Intravenous catheter training system: computer-based education versus traditional learning methods.')",virtual_reality
"([""Assessment of surgical skills based on virtual reality (VR) technology has received major attention in recent years, with special focus placed on experience discrimination via hand motion analysis. Although successful, this approach is restricted from extracting additional important information about the trainee's hand kinematics. In this study, we investigate the role of hand motion connectivity in the performance of a laparoscopic cholecystectomy on a VR simulator. Two groups were considered: experienced residents and beginners. The connectivity pattern of each subject was evaluated by analyzing their hand motion signals with multivariate autoregressive (MAR) models. Our analysis included the entire as well as key phases of the operation. The results revealed that experienced residents outperformed beginners in terms of the number, magnitude and covariation of the MAR weights. The magnitude of the coherence spectra between different combinations of hand signals was in favor of the experienced group. Yet, the more challenging (in terms of hand movement activity) an operational phase was, the more connections were generated, with experienced subjects performing more coordinated gestures per phase. The proposed approach provides a suitable basis for hand motion analysis of surgical trainees and could be utilized in future VR simulators for skill assessment.""], 'The role of hand motion connectivity in the performance of laparoscopic procedures on a virtual reality simulator.')",virtual_reality
"(['Thermally injured patients experience tremendous pain from the moment of injury to months or years after their discharge from the hospital. Pain is therefore a critical component of proper management of burns. Although the importance of pain is well recognized, it is often undertreated. Acute uncontrolled pain has been shown to increase the incidence of mental health disorders and increase the incidence of suicide after discharge. Long-term poor pain control leads to an increase in the incidence of persistent pain. Most burn centers have used opioids as the mainstay analgesic, but recently, the significant side effects of opioids have led to the implementation of new and combined therapeutics. Pharmacological agents such as gabapentin, clonidine, dexmedetomidine, and ketamine have all been suggested as adjuncts to opioids in the treatment of burn pain. Nonpharmacological therapies such as hypnosis, virtual reality devices, and behavioral therapy are also essential adjuncts to current medications. This review aims at identifying the currently available pharmacological and nonpharmacological options for optimal pain management in the adult burn population.'], 'Pain and the thermally injured patient-a review of current therapies.')",virtual_reality
"(['Arthroscopy training using a virtual reality (VR) simulator is said to improve the training of orthopedic surgery residents, although it has never been evaluated in a large representative population of first-year residents.'], 'Virtual reality simulator improves the acquisition of basic arthroscopy skills in first-year orthopedic surgery residents.')",virtual_reality
"(['This study is the first to use virtual-reality technology on a series of clinical patients to make hypnotic analgesia less effortful for patients and to increase the efficiency of hypnosis by eliminating the need for the presence of a trained clinician. This technologically based hypnotic induction was used to deliver hypnotic analgesia to burn-injury patients undergoing painful wound-care procedures. Pre- and postprocedure measures were collected on 13 patients with burn injuries across 3 days. In an uncontrolled series of cases, there was a decrease in reported pain and anxiety, and the need for opioid medication was cut in half. The results support additional research on the utility and efficacy of hypnotic analgesia provided by virtual reality hypnosis.'], 'Hypnosis delivered through immersive virtual reality for burn pain: A clinical case series.')",virtual_reality
"([""In virtual environments, the space that can be explored by real walking is limited by the size of the tracked area. To enable unimpeded walking through large virtual spaces in small real-world surroundings, redirection techniques are used. These unnoticeably manipulate the user's virtual walking trajectory. It is important to know how strongly such techniques can be applied without the user noticing the manipulation-or getting cybersick. Previously, this was estimated by measuring a detection threshold (DT) in highly-controlled psychophysical studies, which experimentally isolate the effect but do not aim for perceived immersion in the context of VR applications. While these studies suggest that only relatively low degrees of manipulation are tolerable, we claim that, besides establishing detection thresholds, it is important to know when the user's immersion breaks. We hypothesize that the degree of unnoticed manipulation is significantly different from the detection threshold when the user is immersed in a task. We conducted three studies: a) to devise an experimental paradigm to measure the threshold of limited immersion (TLI), b) to measure the TLI for slowly decreasing and increasing rotation gains, and c) to establish a baseline of cybersickness for our experimental setup. For rotation gains greater than 1.0, we found that immersion breaks quite late after the gain is detectable. However, for gains lesser than 1.0, some users reported a break of immersion even before established detection thresholds were reached. Apparently, the developed metric measures an additional quality of user experience. This article contributes to the development of effective spatial compression methods by utilizing the break of immersion as a benchmark for redirection techniques.""], 'You Spin my Head Right Round: Threshold of Limited Immersion for Rotation Gains in Redirected Walking.')",virtual_reality
"(['Developing technical expertise in medical procedures is an integral component of emergency medicine (EM) practice and training. This article is the work of an expert panel composed of members from the Society for Academic Emergency Medicine (SAEM) Interest Group, the SAEM Technology in Medical Education Committee, and opinions derived from the May 2008 Academic Emergency Medicine Consensus Conference, ""The Science of Simulation in Healthcare."" The writing group reviewed the simulation literature on procedures germane to EM training, virtual reality training, and instructional learning theory as it pertains to skill acquisition and procedural skills decay. The authors discuss the role of simulation in teaching technical expertise, identify training conditions that lead to effective learning, and provide recommendations for future foci of research.'], 'Developing technical expertise in emergency medicine--the role of simulation in procedural skill acquisition.')",virtual_reality
"([], 'Reality, Augmented: Modeling and Simulation Bring New Vision to Healthcare.')",virtual_reality
"(['This paper reviews recent literature on the mental health needs of youth in the context of war and terrorism. A human rights lens is used to explore issues of accessibility and sustainability in service utilization during times of crisis. The authors present the evolution of services over the last several decades, progressing through individual, school-based, and community-wide interventions by exploring models that focus on symptom reduction and building resilience. This paper highlights the benefits and limitations of traditional intervention methods and proposes a new frontier of intervention development and research. The authors focus on the emerging field of e-mental health services and specifically highlight the utility of virtual reality games in treating trauma-exposed youth. The rapid and easily accessible nature of e-mental health models is presented as one potential solution to barriers in accessibility that can help promote the human rights of youth exposed to war and terrorism.'], 'Addressing the Needs of Children and Youth in the Context of War and Terrorism: the Technological Frontier.')",virtual_reality
"([""Immersive software tools are virtual environments designed to give their users an augmented view of real-world data and ways of manipulating that data. As virtual environments, every action users make while interacting with these tools can be carefully logged, as can the state of the software and the information it presents to the user, giving these actions context. This data provides a high-resolution lens through which dynamic cognitive and behavioral processes can be viewed. In this report, we describe new methods for the analysis and interpretation of such data, utilizing a novel implementation of the Beta Process Hidden Markov Model (BP-HMM) for analysis of software activity logs. We further report the results of a preliminary study designed to establish the validity of our modeling approach. A group of 20 participants were asked to play a simple computer game, instrumented to log every interaction with the interface. Participants had no previous experience with the game's functionality or rules, so the activity logs collected during their naïve interactions capture patterns of exploratory behavior and skill acquisition as they attempted to learn the rules of the game. Pre- and post-task questionnaires probed for self-reported styles of problem solving, as well as task engagement, difficulty, and workload. We jointly modeled the activity log sequences collected from all participants using the BP-HMM approach, identifying a global library of activity patterns representative of the collective behavior of all the participants. Analyses show systematic relationships between both pre- and post-task questionnaires, self-reported approaches to analytic problem solving, and metrics extracted from the BP-HMM decomposition. Overall, we find that this novel approach to decomposing unstructured behavioral data within software environments provides a sensible means for understanding how users learn to integrate software functionality for strategic task pursuit.""], 'Modeling strategic use of human computer interfaces with novel hidden Markov models.')",virtual_reality
"(['Virtual Reality (VR) is starting to be used in psychological therapy around the world. However, a thorough understanding of the reason why VR is effective and what effect it has on the human psyche is still missing. Most research on this subject is related to the concept of presence. This paper gives an up-to-date overview of research in this diverse field. It starts with the most prevailing definitions and theories on presence, most of which attribute special roles for the mental process of attention and for mental models of the virtual space. A review of the phenomena thought to be effected by presence shows that there is still a strong need for research on this subject because little conclusive evidence exists regarding the relationship between presence and phenoma such as emotional responses to virtual stimuli. An investigation shows there has been substantial research for developing methods for measuring presence and research regarding factors that contribute to presence. Knowledge of these contributing factors can play a vital role in development of new VR applications, but key knowledge elements in this area are still missing.'], 'Research on presence in virtual reality: a survey.')",virtual_reality
"(['Modelling pedestrian loading on lively structures such as bridges remains a challenge. This is because pedestrians have the capacity to interact with vibrating structures which can lead to amplification of the structural response. Current design guidelines are often inaccurate and limiting as they do not sufficiently acknowledge this effect. This originates in scarcity of data on pedestrian behaviour on vibrating ground and uncertainty as to the accuracy of results from previous experimental campaigns aiming to quantify pedestrian behaviour in this case. To this end, this paper presents a novel experimental setup developed to evaluate pedestrian actions on laterally oscillating ground in the laboratory environment while avoiding the implications of artificiality and allowing for unconstrained gait. A biologically-inspired approach was adopted in its development, relying on appreciation of operational complexities of biological systems, in particular their adaptability and control requirements. In determination of pedestrian forces to the structure consideration was given to signal processing issues which have been neglected in past studies. The results from tests conducted on the setup are related to results from previous experimental investigations and outputs of the inverted pendulum pedestrian model for walking on laterally oscillating ground, which is capable of generating self-excited forces.'], 'Experimental identification of the behaviour of and lateral forces from freely-walking pedestrians on laterally oscillating structures in a virtual reality environment.')",virtual_reality
"(['Peritonitis rates in peritoneal dialysis (PD) vary considerably not only across countries but also between centers in the same country. Patient education has been shown to significantly reduce infection rates but up till now training lacks standardization with patients being trained using different methods and media (e.g., illustrations, videos). As a result, patients may be insufficiently experienced in performing PD, which might be one of the causes for high peritonitis rates. To address these issues, we developed a PD training program based on virtual reality (VR).'], 'Virtual Reality Simulation in Peritoneal Dialysis Training: The Beginning of a New Era.')",virtual_reality
"([""Relatively little is known about the influence of psychosocial factors, such as familial role modeling and social network on the development and maintenance of childhood obesity. We investigated peer selection using an immersive virtual reality environment. In a virtual schoolyard, children were confronted with normal weight and overweight avatars either eating or playing. Fifty-seven children aged 7-13 participated. Interpersonal distance to the avatars, child's BMI, self-perception, eating behavior and parental BMI were assessed. Parental BMI was the strongest predictor for the children's minimal distance to the avatars. Specifically, a higher mothers' BMI was associated with greater interpersonal distance and children approached closer to overweight eating avatars. A higher father's BMI was associated with a lower interpersonal distance to the avatars. These children approached normal weight playing and overweight eating avatar peers closest. The importance of parental BMI for the child's social approach/avoidance behavior can be explained through social modeling mechanisms. Differential effects of paternal and maternal BMI might be due to gender specific beauty ideals. Interventions to promote social interaction with peer groups could foster weight stabilization or weight loss in children.""], ""The influence of parent's body mass index on peer selection: an experimental approach using virtual reality."")",virtual_reality
"([""In this paper, we present a fully-customized AR display design that considers the user's prescription, interpupillary distance, and taste of fashion. A free-form image combiner embedded inside the prescription lens provides augmented images onto the vision-corrected real world. The optics was optimized for each prescription level, which can reduce the mass production cost while satisfying the user's taste. The foveated optimization method was applied which distributes the pixels in accordance with human visual acuity. Our design can cover myopia, hyperopia, astigmatism, and presbyopia, and allows the eye-contact interaction with privacy protection. A 169g dynamic prototype showed a 40° × 20° virtual image with a 23 cpd resolution at center field and 6 mm × 4 mm eye-box, with the vision-correction and varifocal (0.5-3m) capability.""], 'Prescription AR: a fully-customized prescription-embedded augmented reality display.')",virtual_reality
"([""Reduced coordination of precise small movements of the hand, wrist and fingers in Parkinson's disease (PD) has been mostly solved by medications and deep brain stimulation. The effects have been evaluated by clinical tests only.""], ""Movement analysis of pick-and-place virtual reality exergaming in patients with Parkinson's disease."")",virtual_reality
"(['Numerous studies have been published showing the effect of virtual reality simulator training on laparoscopic skills. Most of these studies have not focused on simulator training in a nonsupervised setting.'], 'Unsupervised virtual reality training may not increase laparoscopic suturing skills.')",virtual_reality
"(['Nurses must competently demonstrate psychomotor skills. Few reliable and valid instruments are available for psychomotor evaluation for disaster skills, including the skill of decontamination.'], 'Development of an assessment instrument to evaluate performance of the skill of decontamination.')",virtual_reality
"(['We report an electro-optic image shifter to enhance the resolution of display devices with a Pancharatnam-Berry phase deflector (PBD). The switching time of our PBD is less than 1\xa0ms. Through synchronizing and computational factorization, we are able to double the display resolution for reducing the screen door effect. Such a thin and lightweight PBD image shifter can be easily integrated into wearable display devices. Its potential application for virtual reality and augmented reality is emphasized.'], 'Enhancing the resolution of a near-eye display with a Pancharatnam-Berry phase deflector.')",virtual_reality
"(['Behavioral therapy and cognitive therapy, individually and combined, are a solid base in any therapy, the goal of which is to decrease the maladaptive behaviors associated with obsessive-compulsive spectrum disorders. Future research into this area involves two branches: (1) better resolution in what components of current treatments are effective and (2) a better understanding of the cause of OCD. The therapies of choice are behavioral therapy and cognitive therapy, but often what is described as behavioral therapy and cognitive therapy varies. Further refinement of the specific components of behavioral therapy and cognitive therapy that directly apply to OCD is needed. The specific components likely include the use of ERP and rational emotive behavioral therapy but often even these therapies can be parceled into smaller discrete parts. Many facets still have not been explored thoroughly (e.g., the extent of exposure to adverse situations needed, ideal length of therapy, time needed for exposure, and the use of virtual reality versus traditional exposures). A better understanding of the biological basis for OCD also would further the field. A better understanding of the basis of this disorder also would help clinicians to treat it with medication and behavioral therapy. Research into how behavioral therapy and cognitive therapy makes neurophysiologic changes would show the effectiveness of the treatment and a biological basis. Such studies could include the use of MR imaging during different stages in behavioral therapy and the use of functional during therapy to observe changes in the brain. Although OCD still is not fully understood, researchers are now beginning to understand how to treat it, and a solid base of empiric data now exists. The authors hope that investigators will continue research toward a better understanding of this disorder so that clinicians can better help their patients.'], 'Behavioral, cognitive, and family therapy for obsessive-compulsive and related disorders.')",virtual_reality
"(['Recent research emphasizes emotional engagement and between-session extinction, but no longer within-session extinction, as the primary mechanisms underlying exposure therapy for the treatment of PTSD. No previous studies have examined change in subjective units of distress (SUDS) in virtual reality exposure (VRE) for PTSD despite its potential facilitation of engagement (see McLay et al., 2012; Reger & Gahm, 2008). Using in session data from Rothbaum et al. (2014) we examined patterns of within- and between-session SUDS change in veterans receiving VRE for PTSD augmented by d-cycloserine, alprazolam, or placebo. The number of treatment sessions significantly predicted SUDS rating (t\u202f=\u202f-7.74, p\u202f<\u202f0.001). Time in session continued to serve as a significant predictor of SUDS (t\u202f=\u202f13.44, p\u202f<\u202f0.001). Specifically, engagement increased within session and then reduction (extinction/habituation) was apparent across sessions. Treatment group was a predictor of SUDS rating within treatment sessions (t\u202f=\u202f2.26, p\u202f<\u202f0.05) but not across sessions, such that participants receiving medication experienced greater increases in SUDS within-session than those receiving placebo. Responder status was a predictor of SUDS reduction across treatment sessions (t\u202f=\u202f-4.43, p\u202f<\u202f0.001) but did not produce an overall or within-session effect on SUDS. Thus, medications impact within-session SUDS changes but do not impact between-session reductions in SUDS- the change most consistently and closely related to magnitude of therapeutic change and responder status.'], 'In session extinction and outcome in Virtual Reality Exposure Therapy for PTSD.')",virtual_reality
"(['The treatment of chronic pain could benefit from additional non-opioid interventions. Virtual reality (VR) has been shown to be effective in decreasing pain for procedural or acute pain but to date there have been few studies on its use in chronic pain. The present study was an investigation of the impact of a virtual reality application for chronic pain. Thirty (30) participants with various chronic pain conditions were offered a five-minute session using a virtual reality application called Cool! Participants were asked about their pain using a 0-10 visual analog scale rating before the VR session, during the session and immediately after the session. They were also asked about immersion into the VR world and about possible side effects. Pain was reduced from pre-session to post-session by 33%. Pain was reduced from pre-session during the VR session by 60%. These changes were both statistically significant at the p < .001 level. Three participants (10%) reported no change between pre and post pain ratings. Ten participants (33%) reported complete pain relief while doing the virtual reality session. All participants (100%) reported a decrease in pain to some degree between pre-session pain and during-session pain. The virtual reality experience was found here to provide a significant amount of pain relief. A head mounted display (HMD) was used with all subjects and no discomfort was experienced. Only one participant noted any side effects. VR seems to have promise as a non-opioid treatment for chronic pain and further investigation is warranted.'], 'The Impact of Virtual Reality on Chronic Pain.')",virtual_reality
"(['Practice on virtual reality simulators (VRSs) has been shown to improve surgical performance. However, VRSs are expensive and usually housed in surgical skills centers that may be inaccessible at times convenient for surgical trainees to practice. Conversely, box trainers (BT) are inexpensive and can be used anywhere at anytime. This study assesses ""take-home"" BTs as an alternative to VRS.'], '""Take-home"" box trainers are an effective alternative to virtual reality simulators.')",virtual_reality
"(['The hippocampus underpins our ability to navigate, to form and recollect memories, and to imagine future experiences. How activity across millions of hippocampal neurons supports these functions is a fundamental question in neuroscience, wherein the size, sparseness, and organization of the hippocampal neural code are debated.'], 'Decoding neuronal ensembles in the human hippocampus.')",virtual_reality
"(['Neuronavigation systems are routinely used during neurosurgical procedures. Currently, new imaging technologies are emerging, such as virtual, augmented, and mixed reality. With mixed-reality devices, the user can analyze and interact with the real environment using virtual objects. The aim of this prospective pilot study was to offer a proof of concept by testing the clinical feasibility and accuracy of a wearable mixed-reality device (Hololens) for preoperative neurosurgical planning.'], 'Clinical Feasibility of a Wearable Mixed-Reality Device in Neurosurgery.')",virtual_reality
"(['This study examined how individuals with and without neck pain performed exercises under the influence of altered visual feedback in virtual reality. Chronic neck pain (n=9) and asymptomatic (n=10) individuals were recruited for this cross-sectional study. Participants performed head rotations while receiving programmatically manipulated visual feedback from a head-mounted virtual reality display. The main outcome measure was the control-display gain (ratio between actual head rotation angle and visual rotation angle displayed) recorded at the just-noticeable difference. Actual head rotation angles were measured for different gains. Detection of the manipulated visual feedback was affected by gain. The just-noticeable gain for asymptomatic individuals, below and above unity gain, was 0.903 and 1.159, respectively. Head rotation angle decreased or increased 5.45° for every 0.1 increase or decrease in gain, respectively. The just-noticeable gain for chronic pain individuals, below unity gain, was 0.950. The head rotation angle increased 4.29° for every 0.1 decrease in gain. On average, chronic pain individuals reported that neck rotation was feasible for 84% of the unity gain trials, 66% of the individual just-noticeable difference trials, and 50% of the ""nudged"" just-noticeable difference trials. This research demonstrated that virtual reality may be useful for promoting the desired outcome of increased range of motion in neck rehabilitation exercises by altering visual feedback.'], 'Use of Virtual Reality Feedback for Patients with Chronic Neck Pain and Kinesiophobia.')",virtual_reality
"(['Low back and pelvic pain is one of the most frequently reported disorders in pregnancy, however etiology and pathology of this problem have not been fully determined. The relationship between back pain experienced during pregnancy and posture remains unclear. It is challenging to measure reliably postural and spinal changes at the time of pregnancy, since most imaging studies cannot be used due to the radiation burden. 3D shape measurement, or surface topography (ST), systems designed for posture evaluation could potentially fill this void. A pilot study was conducted to test the potential of monitoring the change of spine curvatures and posture during pregnancy using surface topography. A single case was studied to test the methodology and preliminarily assess the usefulness of the procedure before performing a randomized trial. The apparatus used in this study was metrologically tested and utilized earlier in scoliosis screening.'], 'Monitoring of spine curvatures and posture during pregnancy using surface topography - case study and suggestion of method.')",virtual_reality
"(['Subsurface modeling of deformable objects, such as soft tissues and organs, involves the use of non-destructive methods of determining the properties of an object encased by a material. Some of the properties that can be determined from subsurface modeling include: shape, hardness, texture and possibly material. The ability to determine these properties is based on the accuracy of the method used and the properties of the surface encasing the object. As computers become more powerful and are able to produce even more realistic graphics, it will be possible to store and re-create precise duplicates of the original for later analysis. This paper will present a method of approximately modeling both the surface and an object below the surface of the skin by a method of palpation and then present this data in an interactive 3-D model.'], 'Development of a method for surface and subsurface modeling using force and position sensors.')",virtual_reality
"(['Cerebral palsy (CP) occurs in over 2 out of 1000 live births and can impair motor control and cognition. Our goal was to create a robotic rehabilitation environment that mimics real-life situations by allowing simultaneous exercise of upper and lower limbs. We chose to use the Lokomat as a gait robot and added a novel removable arm robot, called PASCAL (pediatric arm support robot for combined arm and leg training), that was integrated into the Lokomat environment. We also added a virtual reality (VR) environment that enables the subject to perform motivating game-like scenarios incorporating combined arm and leg movements. In this paper we summarize the design of PASCAL and present the novel virtual environment including first experimental results. The next step will be to test whether a combined application of the virtual environment and the two simultaneously working robots is feasible in healthy participants, and finally to clinically evaluate the entire system on children with CP.'], 'Virtual reality aided training of combined arm and leg movements of children with CP.')",virtual_reality
"(['Virtual reality, the use of computational methods to present users with a multimedia environment that simulates reality, is becoming a practical, affordable technology for the teaching and practice of clinical medicine. Although limited-fidelity virtual reality systems have been used in medical education for decades, modern, high-fidelity virtual reality systems have practical applications in areas ranging from psychiatry to surgical planning and telemedicine. Factors that limit widespread use of virtual reality in medicine include a lack of standards for the re-purposing and sharing of system components and the resultant low return on investment from custom systems. The standards issue is being addressed by economic incentives from organizations such as the U.S. military, which requires computer-based educational materials, including simulations, to be interoperable. Similarly, the low return on investment is becoming less of a factor in clinical scenarios in which virtual reality systems offer physicians and their patients experiences that are impossible or impractical to gain elsewhere.'], 'Virtual reality applications in clinical medicine.')",virtual_reality
"([], 'Role of head-mounted displays in enhancing vestibular rehabilitation effects: Comment on ""Evaluation of the effectiveness of a Virtual Reality-based exercise program for Unilateral Peripheral Vestibular Deficit"".')",virtual_reality
"([""Weightless environments such as prolonged bed rest and spaceflight are associated with dramatic losses of muscle volume and bone mass that hinder patients' or astronauts' health and reintegration into daily life. It is important that the countermeasure is effective for slow twitch fiber, and adds mechanical stress to a bone. So, we developed the hybrid training method (HYB) as a countermeasure of this musculoskeletal atrophy, which uses the contraction produced in a muscle by electrical stimulation of antagonist to resist the volitional contraction of agonist. HYB has several features. These include ; 1) simple device, 2) simultaneous contractions both agonist and antagonist musculature, 3) volitional contraction of deep layers of muscle, 4) longitudinal bone force loads. Several studies reported that, this HYB was tested successfully for increasing muscles strength and hypertrophy in the upper and lower extremities. And, a wearable HYB apparatus with a virtual reality control system was developed. Now, we are developing the hybrid ergometer with virtual reality system, which training can play while playing a game at home.""], '[Musculoskeletal rehabilitation and bone. Musculoskeletal atrophy, and rehabilitation medicine].')",virtual_reality
"(['Brain-computer interfaces based on motor imagery (MI) have been widely used to support the rehabilitation of motor functions of the upper limbs rather than lower limbs. This is probably because it is more difficult to detect the brain activities of lower limb MI. In order to reliably detect the brain activities of lower limbs to restore or improve the walking ability of the disabled, we propose a new paradigm of walking imagery (WI) in a virtual environment (VE), in order to elicit the reliable brain activities and achieve a significant training effect. First, we extract and fuse both the spatial and time-frequency features as a multi-view feature to represent the patterns in the brain activity. Second, we design a multi-view multi-level deep polynomial network (MMDPN) to explore the complementarity among the features so as to improve the detection of walking from an idle state. Our extensive experimental results show that the VE-based paradigm significantly performs better than the traditional text-based paradigm. In addition, the VE-based paradigm can effectively help users to modulate the brain activities and improve the quality of electroencephalography signals. We also observe that the MMDPN outperforms other deep learning methods in terms of classification performance.'], 'Walking Imagery Evaluation in Brain Computer Interfaces via a Multi-View Multi-Level Deep Polynomial Network.')",virtual_reality
"(['Many hospitalized smokers return to smoking after hospital discharge even though continued smoking can compromise treatment effectiveness, reduce survival, increase risk of disease recurrence, and impair quality of life. After leaving a smoke-free hospital, patients encounter smoking cues at home, such as family members who smoke or emotional triggers such as stress, which can elicit powerful urges to smoke and lead to smoking relapse. Enabling smokers to experience such urges in a controlled setting while providing the ability to practice coping skills may be a useful strategy for building quitting self-efficacy. We are developing a virtual reality coping skills (VRCS) game to help hospitalized smokers practice coping strategies to manage these triggers in preparation for returning home after hospitalization. Our multidisciplinary team developed a prototype VRCS game using Second Life, a platform that allowed rapid construction of a virtual reality environment. The prototype contains virtual home spaces (e.g., living room, kitchen) populated with common triggers to smoke and a ""toolkit"" with scripted actions that enable the avatar to rehearse various coping strategies. Since eliciting and managing urges to smoke is essential to the game\'s utility as an intervention, we assessed the ability of the prototype virtual environment to engage former smokers in these scenarios. We recruited eight former smokers with a recent history of hospitalization and guided each through a VRCS scenario during which we asked the patient to evaluate the strength of smoking urges and usefulness of coping strategies. Initial data indicate that patients report high urges to smoke (mean = 8.8 on a 10 point scale) when their avatar confronted virtual triggers such as drinking coffee. Patients rated virtual practice of coping strategies, such as drinking water or watching TV, as very helpful (mean = 8.4 on a 10 point scale) in reducing these urges. With further development, this VRCS game may have potential to provide low-cost, effective behavioral rehearsal to prevent relapse to smoking in hospitalized patients.'], 'Development of a Virtual Reality Coping Skills Game to Prevent Post-Hospitalization Smoking Relapse in Tobacco Dependent Cancer Patients.')",virtual_reality
"(['Cadaveric dissection is the gold standard for training physicians in various surgical specialties. However, limitations in acquiring and storing sufficient cadaveric material, recent pressures in training opportunities, and progress in digital image technology have led to advances in virtual or artificial visual means to augment surgical training. For training neurosurgeons, the appearance of reality is still crucial for learning anatomic structures and procedures. We developed a four-dimensional (including time) multilayer digital image reconstruction technology (MIGRT) that allows users to manipulate a ""volumetric"" set of photographic image data from exquisite cadaveric intracranial dissections and to navigate through stages of neurosurgical procedures as the dissection progresses.'], 'Multilayer image grid reconstruction technology: four-dimensional interactive image reconstruction of microsurgical neuroanatomic dissections.')",virtual_reality
"(['Virtual environments provide the ability to systematically deliver test stimuli in simulated contexts relevant to real world behavior. The current study evaluated the validity of the Virtual Reality Stroop Task (VRST), which presents test stimuli during a virtual reality military convoy with simulated combat threats. Active duty Army personnel (N\u2009=\u200949) took the VRST, a customized version of the Automated Neuropsychological Assessment Metrics (ANAM)-Fourth Edition TBI Battery (2007) that included the addition of the ANAM Stroop and Tower tests, and traditional neuropsychological measures, including the Delis-Kaplan Executive Function System version of the Color-Word Interference Test. Preliminary convergent and discriminant validity was established, and performance on the VRST was significantly associated with computerized and traditional tests of attention and executive functioning. Valid virtual reality cognitive assessments open new lines of inquiry into the impact of environmental stimuli on performance and offer promise for the future of neuropsychological assessments used with military personnel.'], 'Validity of the Virtual Reality Stroop Task (VRST) in active duty military.')",virtual_reality
"([], '[Virtual library of health sciences: reality and opportunity].')",virtual_reality
"([""We all have an irrational fear or two. Some of us get scared by an unexpected visit from a spider in our house; others get nervous when they look down from a high building. Fear is an evolutionary and adaptive function that can promote self-preservation and help us deal with the feared object or situation. However, when this state becomes excessive, it might develop into psychological disorders such as phobias, producing high anxiety and affecting everyday life. The Therapeutic Lamp is an interactive projection-based augmented-reality system for treating small-animal phobias. It aims to increase patient-therapist communication, promote more natural interaction, and improve the patient's engagement in the therapy.""], 'The therapeutic lamp: treating small-animal phobias.')",virtual_reality
"([""We developed a near infrared (NIR) virtual intraoperative surgical photoacoustic microscopy (NIR-VISPAM) system that combines a conventional surgical microscope and an NIR light photoacoustic microscopy (PAM) system. NIR-VISPAM can simultaneously visualize PA B-scan images at a maximum display rate of 45\xa0Hz and display enlarged microscopic images on a surgeon's view plane through the ocular lenses of the surgical microscope as augmented reality. The use of the invisible NIR light eliminated the disturbance to the surgeon's vision caused by the visible PAM excitation laser in a previous report. Further, the maximum permissible laser pulse energy at this wavelength is approximately 5 times more than that at the visible spectral range. The use of a needle-type ultrasound transducer without any water bath for acoustic coupling can enhance convenience in an intraoperative environment. We successfully guided needle and injected carbon particles in biological tissues ex vivo and in melanoma-bearing mice in vivo.""], 'Real-time Near-infrared Virtual Intraoperative Surgical Photoacoustic Microscopy.')",virtual_reality
"(['Preoperative simulation warm-up has been shown to improve performance and reduce errors in novice and experienced surgeons, yet existing studies have only investigated conventional laparoscopy. We hypothesized that a brief virtual reality (VR) robotic warm-up would enhance robotic task performance and reduce errors.'], 'Virtual reality robotic surgery warm-up improves task performance in a dry laboratory environment: a prospective randomized controlled study.')",virtual_reality
"(['In this work is presented the development of a mechatronic interface for a surgery simulation system for training Transurethral Resection of the Prostate (TURP). The interface emulates a real resectosope and allows to perform the most important movements of the surgical tool during a TURP. The interface is able to work in conjunction with a virtual reality software with a deformable tissue model of the prostate, in order to simulate tissue resection and deformation. The current prototype has five degrees of freedom, which are enough to have a realistic simulation of the surgery movements. The results show that the interface is suitable for a real time surgery simulation training system of the prostate without force feedback.'], 'Mechatronic resectoscope emulator for a surgery simulation training system of the prostate.')",virtual_reality
"([""With the recent surge of affordable, high-performance virtual reality (VR) headsets, there is unlimited potential for applications ranging from education, to training, to entertainment, to fitness and beyond. As these interfaces continue to evolve, passive user-state monitoring can play a key role in expanding the immersive VR experience, and tracking activity for user well-being. By recording physiological signals such as the electroencephalogram (EEG) during use of a VR device, the user's interactions in the virtual environment could be adapted in real-time based on the user's cognitive state. Current VR headsets provide a logical, convenient, and unobtrusive framework for mounting EEG sensors. The present study evaluates the feasibility of passively monitoring cognitive workload via EEG while performing a classical n-back task in an interactive VR environment. Data were collected from 15 participants and the spatio-spectral EEG features were analyzed with respect to task performance. The results indicate that scalp measurements of electrical activity can effectively discriminate three workload levels, even after suppression of a co-varying high-frequency activity.""], 'Estimating Cognitive Workload in an Interactive Virtual Reality Environment Using EEG.')",virtual_reality
"(['A few years ago it could take several hours to complete a 3D image using a 3D workstation. Thanks to advances in computer science, obtaining results of interest now requires only a few minutes. Many recent 3D workstations or multimedia computers are equipped with onboard 3D virtual patient modeling software, which enables patient-specific preoperative assessment and virtual planning, navigation, and tool positioning. Although medical 3D imaging can now be conducted using various modalities, including computed tomography (CT), magnetic resonance imaging (MRI), positron emission tomography (PET), and ultrasonography (US) among others, the highest quality images are obtained using CT data, and CT images are now the most commonly used source of data for 3D simulation and navigation image. If the 2D source image is bad, no amount of 3D image manipulation in software will provide a quality 3D image. In this exhibition, the recent advances in CT imaging technique and 3D visualization of the hepatobiliary and pancreatic abnormalities are featured, including scan and image reconstruction technique, contrast-enhanced techniques, new application of advanced CT scan techniques, and new virtual reality simulation and navigation imaging.'], 'Recent advances in 3D computed tomography techniques for simulation and navigation in hepatobiliary pancreatic surgery.')",virtual_reality
"([], 'Brain-computer interfaces based on visual evoked potentials.')",brain_machine_interfaces
"(['Establishing a high-accuracy and training-free brain-computer interface (BCI) system is essential for improving BCI practicality. In this study, we propose for the first time a training-free double-partial least-squares (D-PLS) model for steady-state visual evoked potential (SSVEP) detection that consists of double-layer PLS, a PLS spatial filter, and a PLS feature extractor. Electroencephalographic data from 11 healthy volunteers under four different visual stimulation frequencies were used to test the proposed method. Compared with commonly used spatial filters, minimum energy combination and average maximum contrast combination, the classification accuracies could be improved 2-10% by our proposed PLS spatial filter. Furthermore, our proposed PLS feature extractor achieved better performance than current feature extraction methods, namely power spectral density analysis, canonical correlation analysis, and the use of the least absolute shrinkage and selection operator. The average classification accuracy for our proposed D-PLS model exceeded [Formula: see text] when the signal time window was longer than 3.5 s and reached as high as [Formula: see text] when the time window was 5 s. Moreover, the D-PLS model can be easily set without training data, so it can be used widely in SSVEP-based BCI systems.'], 'A Double-Partial Least-Squares Model for the Detection of Steady-State Visual Evoked Potentials.')",brain_machine_interfaces
"([], 'Brain-computer interfaces: towards practical implementations and potential applications.')",brain_machine_interfaces
"(['Near-infrared spectroscopy (NIRS) brain-computer interfaces (BCIs) enable users to interact with their environment using only cognitive activities. This paper presents the results of a comparison of four methodological frameworks used to select a pair of tasks to control a binary NIRS-BCI; specifically, three novel personalized task paradigms and the state-of-the-art prescribed task framework were explored.'], 'Exploring methodological frameworks for a mental task-based near-infrared spectroscopy brain-computer interface.')",brain_machine_interfaces
"(['This paper is concerned with the operational performance of a semi-autonomous wheelchair system named TIM (Thought-controlled Intelligent Machine), which uses cameras in a system configuration modeled on the vision system of a horse. This new camera configuration utilizes stereoscopic vision for 3-Dimensional (3D) depth perception and mapping ahead of the wheelchair, combined with a spherical camera system for 360-degrees of monocular vision. The unique combination allows for static components of an unknown environment to be mapped and any surrounding dynamic obstacles to be detected, during real-time autonomous navigation, minimizing blind-spots and preventing accidental collisions with people or obstacles. Combining this vision system with a shared control strategy provides intelligent assistive guidance during wheelchair navigation, and can accompany any hands-free wheelchair control technology for people with severe physical disability. Testing of this system in crowded dynamic environments has displayed the feasibility and real-time performance of this system when assisting hands-free control technologies, in this case being a proof-of-concept brain-computer interface (BCI).'], 'Real-time performance of a hands-free semi-autonomous wheelchair system using a combination of stereoscopic and spherical vision.')",brain_machine_interfaces
"(['We examine two methods which are used to deal with complex machine learning problems: compressed sensing and model compression. We discuss both methods in the context of feed-forward artificial neural networks and develop the backpropagation method in compressed parameter space. We further show that compressing the weights of a layer of a multilayer perceptron is equivalent to compressing the input of the layer. Based on this theoretical framework, we will use orthogonal functions and especially random projections for compression and perform experiments in supervised and reinforcement learning to demonstrate that the presented methods reduce training time significantly.'], 'Learning in compressed space.')",brain_machine_interfaces
"(['Electroencephalography (EEG)-based motor imagery (MI) brain-computer interface (BCI) technology has the potential to restore motor function by inducing activity-dependent brain plasticity. The purpose of this study was to investigate the efficacy of an EEG-based MI BCI system coupled with MIT-Manus shoulder-elbow robotic feedback (BCI-Manus) for subjects with chronic stroke with upper-limb hemiparesis. In this single-blind, randomized trial, 26 hemiplegic subjects (Fugl-Meyer Assessment of Motor Recovery After Stroke [FMMA] score, 4-40; 16 men; mean age, 51.4 years; mean stroke duration, 297.4 days), prescreened with the ability to use the MI BCI, were randomly allocated to BCI-Manus or Manus therapy, lasting 18 hours over 4 weeks. Efficacy was measured using upper-extremity FMMA scores at weeks 0, 2, 4 and 12. ElEG data from subjects allocated to BCI-Manus were quantified using the revised brain symmetry index (rBSI) and analyzed for correlation with the improvements in FMMA score. Eleven and 15 subjects underwent BCI-Manus and Manus therapy, respectively. One subject in the Manus group dropped out. Mean total FMMA scores at weeks 0, 2, 4, and 12 weeks improved for both groups: 26.3±10.3, 27.4±12.0, 30.8±13.8, and 31.5±13.5 for BCI-Manus and 26.6±18.9, 29.9±20.6, 32.9±21.4, and 33.9±20.2 for Manus, with no intergroup differences (P=.51). More subjects attained further gains in FMMA scores at week 12 from BCI-Manus (7 of 11 [63.6%]) than Manus (5 of 14 [35.7%]). A negative correlation was found between the rBSI and FMMA score improvement (P=.044). BCI-Manus therapy was well tolerated and not associated with adverse events. In conclusion, BCI-Manus therapy is effective and safe for arm rehabilitation after severe poststroke hemiparesis. Motor gains were comparable to those attained with intensive robotic therapy (1,040 repetitions/session) despite reduced arm exercise repetitions using EEG-based MI-triggered robotic feedback (136 repetitions/session). The correlation of rBSI with motor improvements suggests that the rBSI can be used as a prognostic measure for BCI-based stroke rehabilitation.'], 'A Randomized Controlled Trial of EEG-Based Motor Imagery Brain-Computer Interface Robotic Rehabilitation for Stroke.')",brain_machine_interfaces
"(['The potential of Brain Computer Interfaces (BCIs) to translate brain activity into commands to control external devices during mechanical ventilation (MV) remains largely unexplored. This is surprising since the amount of patients that might benefit from such assistance is considerably larger than the number of patients requiring BCI for motor control. Given the transient nature of MV (i.e., used mainly over night or during acute clinical conditions), precluding the use of invasive methods, and inspired by current research on BCIs, we argue that scalp recorded EEG (electroencephalography) signals can provide a non-invasive direct communication pathway between the brain and the ventilator. In this paper we propose a Patient Ventilator Interface (PVI) to control a ventilator during variable conscious states (i.e., wake, sleep, etc.). After a brief introduction on the neural control of breathing and the clinical conditions requiring the use of MV we discuss the conventional techniques used during MV. The schema of the PVI is presented followed by a description of the neural signals that can be used for the on-line control. To illustrate the full approach, we present data from a healthy subject, where the inspiration and expiration periods during voluntary breathing were discriminated with a 92% accuracy (10-fold cross-validation) from the scalp EEG data. The paper ends with a discussion on the advantages and obstacles that can be forecasted in this novel application of the concept of BCI.'], 'Patient machine interface for the control of mechanical ventilation devices.')",brain_machine_interfaces
"(['Intelligent wheelchair technology has recently been utilised to address several mobility problems. Techniques based on brain-computer interface (BCI) are currently used to develop electric wheelchairs. Using human brain control in wheelchairs for people with disability has elicited widespread attention due to its flexibility.'], 'A review of disability EEG based wheelchair control system: Coherent taxonomy, open challenges and recommendations.')",brain_machine_interfaces
"(['For those individuals with upper-extremity amputation, a daily normal living activity is no longer possible or it requires additional effort and time. With the aim of restoring their sensory and motor functions, theoretical and technological investigations have been carried out in the field of neuroprosthetic systems. For transmission of sensory feedback, several interfacing modalities including indirect (non-invasive), direct-to-peripheral-nerve (invasive), and cortical stimulation have been applied. Peripheral nerve interfaces demonstrate an edge over the cortical interfaces due to the sensitivity in attaining cortical brain signals. The peripheral nerve interfaces are highly dependent on interface designs and are required to be biocompatible with the nerves to achieve prolonged stability and longevity. Another criterion is the selection of nerves that allows minimal invasiveness and damages as well as high selectivity for a large number of nerve fascicles. In this paper, we review the nerve-machine interface modalities noted above with more focus on peripheral nerve interfaces, which are responsible for provision of sensory feedback. The invasive interfaces for recording and stimulation of electro-neurographic signals include intra-fascicular, regenerative-type interfaces that provide multiple contact channels to a group of axons inside the nerve and the extra-neural-cuff-type interfaces that enable interaction with many axons around the periphery of the nerve. Section Current Prosthetic Technology summarizes the advancements made to date in the field of neuroprosthetics toward the achievement of a bidirectional nerve-machine interface with more focus on sensory feedback. In the Discussion section, the authors propose a hybrid interface technique for achieving better selectivity and long-term stability using the available nerve interfacing techniques.'], 'Selectivity and Longevity of Peripheral-Nerve and Machine Interfaces: A Review.')",brain_machine_interfaces
"(['Current EEG based brain computer interface (BCI) systems have achieved successful control in up to 3 dimensions; however the current paradigm may be unnatural for many rehabilitative and recreational applications. Therefore there is a great need to find motor imagination (MI) tasks that are realistic for output device control. In this paper we present our results on classifying hand gesture MI tasks, including right hand flexion, extension, supination and pronation using a novel EEG inverse imaging approach. By using both temporal and spatial specificity in the source domain we were able to separate MI tasks with up to 95% accuracy for binary classification of any two tasks compared to a maximum of only 79% in the sensor domain.'], 'Discriminating hand gesture motor imagery tasks using cortical current density estimation.')",brain_machine_interfaces
"(['Recent studies show that scalp electroencephalography (EEG) as a non-invasive interface has great potential for brain-computer interfaces (BCIs). However, one factor that has limited practical applications for EEG-based BCI so far is the difficulty to decode brain signals in a reliable and efficient way. This paper proposes a new robust processing framework for decoding of multi-class motor imagery (MI) that is based on five main processing steps. (i) Raw EEG segmentation without the need of visual artifact inspection. (ii) Considering that EEG recordings are often contaminated not just by electrooculography (EOG) but also other types of artifacts, we propose to first implement an automatic artifact correction method that combines regression analysis with independent component analysis for recovering the original source signals. (iii) The significant difference between frequency components based on event-related (de-) synchronization and sample entropy is then used to find non-contiguous discriminating rhythms. After spectral filtering using the discriminating rhythms, a channel selection algorithm is used to select only relevant channels. (iv) Feature vectors are extracted based on the inter-class diversity and time-varying dynamic characteristics of the signals. (v) Finally, a support vector machine is employed for four-class classification. We tested our proposed algorithm on experimental data that was obtained from dataset 2a of BCI competition IV (2008). The overall four-class kappa values (between 0.41 and 0.80) were comparable to other models but without requiring any artifact-contaminated trial removal. The performance showed that multi-class MI tasks can be reliably discriminated using artifact-contaminated EEG recordings from a few channels. This may be a promising avenue for online robust EEG-based BCI applications.'], 'Multi-class motor imagery EEG decoding for brain-computer interfaces.')",brain_machine_interfaces
"(['In a c-VEP BCI setting, test subjects can have highly varying performances when different pseudorandom sequences are applied as stimulus, and ideally, multiple codes should be supported. On the other hand, repeating the experiment with many different pseudorandom sequences is a laborious process.'], 'Optimal pseudorandom sequence selection for online c-VEP based BCI control applications.')",brain_machine_interfaces
"(['Brain-computer interface (BCI) systems allow users to communicate with the external world by recognizing the brain activity without the assistance of the peripheral motor nervous system. P300-based BCI is one of the most common used BCI systems that can obtain high classification accuracy and information transfer rate (ITR). Face stimuli can result in large event-related potentials and improve the performance of P300-based BCI. However, previous studies on face stimuli focused mainly on the effect of various face types (i.e., face expression, face familiarity, and multifaces) on the BCI performance. Studies on the influence of face transparency differences are scarce. Therefore, we investigated the effect of semitransparent face pattern (STF-P) (the subject could see the target character when the stimuli were flashed) and traditional face pattern (F-P) (the subject could not see the target character when the stimuli were flashed) on the BCI performance from the transparency perspective. Results showed that STF-P obtained significantly higher classification accuracy and ITR than those of F-P (p < 0.05).'], 'Comparison of the BCI Performance between the Semitransparent Face Pattern and the Traditional Face Pattern.')",brain_machine_interfaces
"(['Brain-computer interfaces (BCI) provide means of communications and control, in assistive technology, which do not require motor activity from the user. The goal of this study is to promote classification of two types of imaginary movements, left and right hands, in an EMOTIV cap based system, using the Naïve Bayes classifier. A preliminary analysis with respect to results obtained by other experiments in this field is also conducted. Processing of the electroencephalography (EEG) signals is done applying Common Spatial Pattern filters. The EPOC electrodes cap is used for EEG acquisition, in two test subjects, for two distinct trial formats. The channels picked are FC5, FC6, P7 and P8 of the 10-20 system, and a discussion about the differences of using C3, C4, P3 and P4 positions is proposed. Dataset 3 of the BCI Competition II is also analyzed using the implemented algorithms. The maximum classification results for the proposed experiment and for the BCI Competition dataset were, respectively, 79% and 85% The conclusion of this study is that the picked positions for electrodes may be applied for BCI systems with satisfactory classification rates.'], 'Movement imagery classification in EMOTIV cap based system by Naïve Bayes.')",brain_machine_interfaces
"([""Stroke is a leading cause of acquired disability resulting in distal upper extremity functional motor impairment. Stroke mortality rates continue to decline with advances in healthcare and medical technology. This has led to an increased demand for advanced, personalized rehabilitation. Survivors often experience some level of spontaneous recovery shortly after their stroke event, yet reach a functional plateau after which there is exiguous motor recovery. Nevertheless, studies have demonstrated the potential for recovery beyond this plateau. Non-traditional neurorehabilitation techniques, such as those incorporating the brain-computer interface (BCI), are being investigated for rehabilitation. BCIs may offer a gateway to the brain's plasticity and revolutionize how humans interact with the world. Non-invasive BCIs work by closing the proprioceptive feedback loop with real-time, multi-sensory feedback allowing for volitional modulation of brain signals to assist hand function. BCI technology potentially promotes neuroplasticity and Hebbian-based motor recovery by rewarding cortical activity associated with sensory-motor rhythms through use with a variety of self-guided and assistive modalities.""], 'A review of the progression and future implications of brain-computer interface therapies for restoration of distal upper extremity motor function after stroke.')",brain_machine_interfaces
"(['Intracortical brain-computer interface (BCI) decoders are typically retrained daily to maintain stable performance. Self-recalibrating decoders aim to remove the burden this may present in the clinic by training themselves autonomously during normal use but have only been developed for continuous control. Here we address the problem for discrete decoding (classifiers).'], 'Self-recalibrating classifiers for intracortical brain-computer interfaces.')",brain_machine_interfaces
"(['Electroencephalographic (EEG) brain-computer interfaces (BCIs) hold promise in restoring communication for patients with completely locked-in stage amyotrophic lateral sclerosis (ALS). However, these patients cannot use existing EEG-based BCIs, arguably because such systems rely on brain processes that are impaired in the late stages of ALS. In this work, we introduce a novel BCI designed for patients in late stages of ALS based on high-level cognitive processes that are less likely to be affected by ALS.'], 'Self-regulation of brain rhythms in the precuneus: a novel BCI paradigm for patients with ALS.')",brain_machine_interfaces
"(['Cognitive training has been demonstrated to improve cognitive performance in older adults. To date, no study has explored personalized training that targets the brain activity of each individual.'], 'Effectiveness of a Personalized Brain-Computer Interface System for Cognitive Training in Healthy Elderly: A Randomized Controlled Trial.')",brain_machine_interfaces
"(['Error-related potentials (ErrP) are generated in the brain when humans perceive errors. These ErrP signals can be used to classify actions as erroneous or non-erroneous, using single-trial electroencephalography (EEG). A small number of studies have demonstrated the feasibility of using ErrP detection as feedback for reinforcement-learning-based brain-computer interfaces (BCI), confirming the possibility of developing more autonomous BCI. These systems could be made more efficient with specific information about the type of error that occurred. A few studies differentiated the ErrP of different errors from each other, based on direction or severity. However, errors cannot always be categorised in these ways. We aimed to investigate the feasibility of differentiating very similar error conditions from each other, in the absence of previously explored metrics.'], 'Towards error categorisation in BCI: single-trial EEG classification between different errors.')",brain_machine_interfaces
"(['Recently, fNIRS has been proposed as a promising approach for awareness detection, and a possible method to establish basic communication in patients with disorders of consciousness (DOC).'], 'Towards using fNIRS recordings of mental arithmetic for the detection of residual cognitive activity in patients with disorders of consciousness (DOC).')",brain_machine_interfaces
"(['Noninvasive localization of certain brain functions may be mapped on a millimetre level. However, the interelectrode spacing of common clinical brain surface electrodes still remains around 10 mm. Here, we present details on development of electrodes for attaining higher quality electrocorticographic signals for use in functional brain mapping and brain-machine interface (BMI) technologies.'], 'Patient-specific cortical electrodes for sulcal and gyral implantation.')",brain_machine_interfaces
"(['Using electroencephalogram (EEG) signal to control external devices has always been the research focus in the field of brain-computer interface (BCI). This is especially significant for those disabilities who have lost capacity of movements. In this paper, the P300-based BCI and the microcontroller-based wireless radio frequency (RF) technology are utilized to design a smart home control system, which can be used to control household appliances, lighting system, and security devices directly. Experiment results showed that the system was simple, reliable and easy to be populirised.'], '[Research of controlling of smart home system based on P300 brain-computer interface].')",brain_machine_interfaces
"([""Point process filters have been applied successfully to decode neural signals and track neural dynamics. Traditionally these methods assume that multiunit spiking activity has already been correctly spike-sorted. As a result, these methods are not appropriate for situations where sorting cannot be performed with high precision, such as real-time decoding for brain-computer interfaces. Because the unsupervised spike-sorting problem remains unsolved, we took an alternative approach that takes advantage of recent insights into clusterless decoding. Here we present a new point process decoding algorithm that does not require multiunit signals to be sorted into individual units. We use the theory of marked point processes to construct a function that characterizes the relationship between a covariate of interest (in this case, the location of a rat on a track) and features of the spike waveforms. In our example, we use tetrode recordings, and the marks represent a four-dimensional vector of the maximum amplitudes of the spike waveform on each of the four electrodes. In general, the marks may represent any features of the spike waveform. We then use Bayes's rule to estimate spatial location from hippocampal neural activity. We validate our approach with a simulation study and experimental data recorded in the hippocampus of a rat moving through a linear environment. Our decoding algorithm accurately reconstructs the rat's position from unsorted multiunit spiking activity. We then compare the quality of our decoding algorithm to that of a traditional spike-sorting and decoding algorithm. Our analyses show that the proposed decoding algorithm performs equivalent to or better than algorithms based on sorted single-unit activity. These results provide a path toward accurate real-time decoding of spiking patterns that could be used to carry out content-specific manipulations of population activity in hippocampus or elsewhere in the brain.""], 'Clusterless Decoding of Position from Multiunit Activity Using a Marked Point Process Filter.')",brain_machine_interfaces
"(['People with severe neurological impairments face many challenges in sensorimotor functions and communication with the environment; therefore they have increased demand for advanced, adaptive and personalized rehabilitation. During the last several decades, numerous studies have developed brain-computer interfaces (BCIs) with the goals ranging from providing means of communication to functional rehabilitation. Here we review the research on non-invasive, electroencephalography (EEG)-based BCI systems for communication and rehabilitation. We focus on the approaches intended to help severely paralyzed and locked-in patients regain communication using three different BCI modalities: slow cortical potentials, sensorimotor rhythms and P300 potentials, as operational mechanisms. We also review BCI systems for restoration of motor function in patients with spinal cord injury and chronic stroke. We discuss the advantages and limitations of these approaches and the challenges that need to be addressed in the future.'], 'EEG-Based Brain-Computer Interfaces for Communication and Rehabilitation of People with Motor Impairment: A Novel Approach of the 21 st Century.')",brain_machine_interfaces
"([""Brain-computer interfaces (BCIs) are desirable for people to express their thoughts, especially those with profound disabilities in communication. The classification of brain patterns for each different subject requires an extensively time-consuming learning stage specific to that person, in order to reach satisfactory accuracy performance. The training session could also be infeasible for disabled patients as they may not fully understand the training instructions. In this paper, we propose a unified classification scheme based on ensemble classifier, dynamic stopping, and adaptive learning. We apply this scheme on the P300-based BCI, with the subject-independent manner, where no learning session is required for new experimental users. According to our theoretical analysis and empirical results, the harmonized integration of these three methods can significantly boost up the average accuracy from 75.00% to 91.26%, while at the same time reduce the average spelling time from 12.62 to 6.78 iterations, approximately to two-fold faster. The experiments were conducted on a large public dataset which had been used in other related studies. Direct comparisons between our work with the others' are also reported in details.""], 'Subject-Independent ERP-Based Brain-Computer Interfaces.')",brain_machine_interfaces
"(['Most visual stimuli used in steady-state visual evoked potential (SSVEP)-based brain-computer interface (BCI) are simple and elementary. Examples of such stimuli are checkerboard patterns and sinusoidal gratings. These stimuli exhibit distinct contrasts and edges that conform well to the simple cortical cells behavior first observed by Hubel and Weisel. Hence, they are effective in eliciting VEP. On the other hand, the use of naturalistic stimuli is known to advance our understanding of early visual system. However, naturalistic stimuli are spectrally and spatially complex. They may not elicit the optimal VEP and the results obtained may not easily correlate to the stimulus parameters. Hence, we proposed to posterize natural images to generate naturalistic stimuli suitable for SSVEP-BCI. The posterization process considers both the edge and contrast information of the input image. This study elucidates the effect of posterized naturalistic stimuli on SSVEP amplitudes and phases by exploring the relationship between the number of tones of posterized visual stimuli and their effect on the power spectra and phase synchrony of attended stimuli. Results show that posterized visual stimuli at four tone display a significant effect on the dominant frequency response. Our findings suggest the effectiveness of posterized naturalistic stimuli and should advance the use of naturalistic stimuli in SSVEP-BCI.'], 'Effect of posterized naturalistic stimuli on SSVEP-based BCI.')",brain_machine_interfaces
"([""Electroencephalogram-based emotion recognition (EEG-ER) has received increasing attention in the fields of health care, affective computing, and brain-computer interface (BCI). However, satisfactory ER performance within a bi-dimensional and non-discrete emotional space using single-trial EEG data remains a challenging task. To address this issue, we propose a three-layer scheme for single-trial EEG-ER. In the first layer, a set of spectral powers of different EEG frequency bands are extracted from multi-channel single-trial EEG signals. In the second layer, the kernel Fisher's discriminant analysis method is applied to further extract features with better discrimination ability from the EEG spectral powers. The feature vector produced by layer 2 is called a kernel Fisher's emotion pattern (KFEP), and is sent into layer 3 for further classification where the proposed imbalanced quasiconformal kernel support vector machine (IQK-SVM) serves as the emotion classifier. The outputs of the three layer EEG-ER system include labels of emotional valence and arousal. Furthermore, to collect effective training and testing datasets for the current EEG-ER system, we also use an emotion-induction paradigm in which a set of pictures selected from the International Affective Picture System (IAPS) are employed as emotion induction stimuli. The performance of the proposed three-layer solution is compared with that of other EEG spectral power-based features and emotion classifiers. Results on 10 healthy participants indicate that the proposed KFEP feature performs better than other spectral power features, and IQK-SVM outperforms traditional SVM in terms of the EEG-ER accuracy. Our findings also show that the proposed EEG-ER scheme achieves the highest classification accuracies of valence (82.68%) and arousal (84.79%) among all testing methods.""], ""Emotion recognition from single-trial EEG based on kernel Fisher's emotion pattern and imbalanced quasiconformal kernel support vector machine."")",brain_machine_interfaces
"(['The goal of this study was to develop a new steady-state visual evoked potential (SSVEP)-based BCI system, which can be applied to disabled individuals with impaired oculomotor function. The developed BCI system allows users to express their binary intentions without needing to open their eyes. To present visual stimuli, we used a pair of glasses with two LEDs flickering at different frequencies. EEG spectral patterns were classified in real time while participants were attending to one of the presented visual stimuli with their eyes closed. Through offline experiments performed with 11 healthy participants, we confirmed that SSVEP responses could be modulated by visual selective attention to a specific light stimulus penetrating through the eyelids, and could be classified with accuracy high enough for use in a practical BCI system. After customizing the parameters of the proposed SSVEP-based BCI paradigm based on the offline analysis results, binary intentions of five healthy participants and one locked-in state patient were classified online. The average ITR of the online experiments reached to 10.83 bits/min with an average accuracy of 95.3 %. An online experiment applied to a patient with ALS showed a classification accuracy of 80 % and an ITR of 2.78 bits/min, demonstrating the practical feasibility of our BCI paradigm.'], 'Development of an ""eyes-closed"" brain-computer interface system for communication of patients with oculomotor impairment.')",brain_machine_interfaces
"(['Electroencephalogram (EEG) data from performing motor imagery are usually used to calibrate a subject-specific model in Motor Imagery Brain-Computer Interface (MI-BCI). However, the performance of MI is not directly observable by another person. Studies that attempted to address this issue in order to improve subjects with low MI performance had shown that it is feasible to use calibration data from Passive Movement (PM) to detect MI in healthy subjects. This study investigates the feasibility of using calibration data from PM of stroke patients to detect MI. EEG data from 2 calibration runs of MI and PM by a robotic haptic knob, and 1 evaluation run of MI were collected in one session of recording from 34 hemiparetic stroke patients recruited in the clinical study. In each run, 40 trials of MI or PM and 40 trials of the background rest were collected. The off-line run-to-run transfer kappa values from the calibration runs of MI, PM, and combined MI and PM, to the evaluation run of MI were then evaluated and compared. The results showed that calibration using PM (0.392) yielded significantly lower kappa value than the calibration using MI (0.457, p=4.40e-14). The results may be due to a significant disparity between the EEG data from PM and MI in stroke subjects. Nevertheless, the results showed that the calibration using both MI and PM (0.506) yielded significantly higher kappa value than the calibration using MI (0.457, p=9.54e-14). Hence, the results of this study suggest a promising direction to combine calibration data from PM and MI to improve MI detection on stroke.'], 'A clinical study of motor imagery BCI performance in stroke by including calibration data from passive movement.')",brain_machine_interfaces
"(['Recent research has shown that a P300 system can be used while walking without requiring any specific gait-related artifact removal techniques. Also, standard EEG-based Brain-Computer Interfaces (BCI) have not been really assessed for lower limb rehabilitation/prosthesis. Therefore, this paper gives a first baseline estimation (for future BCI comparisons) of the subjective and objective performances of a four-state P300 BCI plus a non-control state for lower-limb rehabilitation purposes. To assess usability and workload, the System Usability Scale and the NASA Task Load Index questionnaires were administered to five healthy subjects after performing a real-time treadmill speed control. Results show that the P300 BCI approach could suit fitness and rehabilitation applications, whereas prosthesis control, which suffers from a low reactivity, appears too sensitive for risky and crowded areas.'], 'A subjective assessment of a P300 BCI system for lower-limb rehabilitation purposes.')",brain_machine_interfaces
"(['This paper addresses the issue of selecting optimal spatio-spectral features, which is key to high performance motor imagery (MI) classification that is in turn one of the central topics in EEG-based brain computer interfaces. In particular, this work proposes a novel method which first formulates the selection of features as maximizing mutual information between class labels and features. It then uses a robust estimate of mutual information, within a filter-bank and common spatial pattern feature extraction framework, to select an effective feature set. We have assessed the proposed method on both BCI Competition IV Set I and a separate data set collected in our lab from 7 healthy subjects. The results indicate the method is effective in selecting optimal spatial-spectral features for classification.'], 'Spatio-spectral feature selection based on robust mutual information estimate for Brain Computer Interfaces.')",brain_machine_interfaces
"(['We propose a novel calibration strategy to facilitate the decoding of covert somatosensory attention by exploring the oscillatory dynamics induced by tactile sensation.'], 'Decoding Covert Somatosensory Attention by a BCI System Calibrated With Tactile Sensation.')",brain_machine_interfaces
"(['This study establishes the effectiveness of event related synchronisation (ERS) features for a system paced brain computer interface (BCI). In particular, the relationship between the duration of motor imagery (MI) and the quality of the features extracted from the ERS is investigated. To this end, two groups of users performed brief (2s) or sustained (4s) MI, and offline single trial BCIs were validated on each group based on features extracted from the EEG before, during and after MI. The BCIs were designed to recognise two intentional control tasks and a no-control state. Cross-validated results indicate that brief MI leads to more informative ERS features than sustained MI.'], 'Investigating brief motor imagery for an ERD/ERS based BCI.')",brain_machine_interfaces
"(['Our previous study has demonstrated the feasibility of employing non-hair-bearing electrodes to build a Steadystate Visual Evoked Potential (SSVEP)-based Brain-Computer Interface (BCI) system, relaxing technical barriers in preparation time and offering an ease-of-use apparatus. The signal quality of the SSVEPs and the resultant performance of the non-hair BCI, however, did not close upon those reported in the state-of-the-art BCI studies based on the electroencephalogram (EEG) measured from the occipital regions. Recently, advanced decoding algorithms such as task-related component analysis have made a breakthrough in enhancing the signal quality of the occipital SSVEPs and the performance of SSVEP-based BCIs in a well-controlled laboratory environment. However, it remains unclear if the advanced decoding algorithms can extract highfidelity SSVEPs from the non-hair EEG and enhance the practicality of non-hair BCIs in real-world environments. This study aims to quantitatively evaluate whether, and if so, to what extent the non-hair BCIs can leverage the state-of-art decoding algorithms. Eleven healthy individuals participated in a 5-target SSVEP BCI experiment. A high-density EEG cap recorded SSVEPs from both hair-covered and non-hair-bearing regions. By evaluating and demonstrating the accessibility of nonhair-bearing behind-ear signals, our assessment characterized constraints on data length, trial numbers, channels, and their relationships with the decoding algorithms, providing practical guidelines to optimize SSVEP-based BCI systems in real-life applications.'], 'Evaluating the Performance of Non-Hair SSVEP-Based BCIs Featuring Template-Based Decoding Methods.')",brain_machine_interfaces
"([""People suffering from neuromuscular disorders such as locked-in syndrome (LIS) are left in a paralyzed state with preserved awareness and cognition. In this study, it was hypothesized that changes in local hemodynamic activity, due to the activation of Broca's area during overt/covert speech, can be harnessed to create an intuitive Brain Computer Interface based on Near-Infrared Spectroscopy (NIRS). A 12-channel square template was used to cover inferior frontal gyrus and changes in hemoglobin concentration corresponding to six aloud (overtly) and six silently (covertly) spoken words were collected from eight healthy participants. An unsupervised feature extraction algorithm was implemented with an optimized support vector machine for classification. For all participants, when considering overt and covert classes regardless of words, classification accuracy of 92.88 ± 18.49% was achieved with oxy-hemoglobin (O2Hb) and 95.14 ± 5.39% with deoxy-hemoglobin (HHb) as a chromophore. For a six-active-class problem of overtly spoken words, 88.19 ± 7.12% accuracy was achieved for O2Hb and 78.82 ± 15.76% for HHb. Similarly, for a six-active-class classification of covertly spoken words, 79.17 ± 14.30% accuracy was achieved with O2Hb and 86.81 ± 9.90% with HHb as an absorber. These results indicate that a control paradigm based on covert speech can be reliably implemented into future Brain⁻Computer Interfaces (BCIs) based on NIRS.""], 'Classification of Overt and Covert Speech for Near-Infrared Spectroscopy-Based Brain Computer Interface.')",brain_machine_interfaces
"(['Common Spectral Pattern (CSP) algorithm remains predominant for feature extraction from multichannel EEG motor imagery data. However, multiclass classification of from this featureset has been a challenging job. Different approaches have been proposed to be applied on featureset of different EEG subbands to achieve significant classification accuracy. Ensemble learning is very effective in this context to achieve higher accuracy in Brain-Computer Interface (BCI) domain. In this study, we have proposed enhanced classification algorithms to achieve higher classification accuracies. The methods were evaluated against the motor imagery data from Dataset 2a of the publicly available BCI Competition IV (2008). This dataset consists of 22 channels EEG data of 9 subjects for four different movements. A tree based ensemble approach for supervised classification, Extra-Trees algorithm, has been proposed in this paper and also evaluated for its efficacy on this dataset to classify between left hand and right hand movement imaginations. Moreover, this classifier has its inherent capability to select optimum features. Furthermore, in this paper an extension of the binary classification into multiclass domain is also implemented with error correcting output codes (ECOC) approach using the same dataset. Subject-specific frequency bands $\\alpha$ (8-12Hz) and $\\beta$ (12-30Hz) along with $HG$ (70-100Hz) were considered to extract CSP features. We have achieved an individual peak accuracy of 98ȥ and 84ȥ in binary class and multiclass classification respectively. Furthermore, the results yielded a mean kappa value of 0.58 across all the subjects. This kappa value is higher than of the winner of competition and also from the most of the other approaches applied in this dataset.'], 'A Randomised Ensemble Learning Approach for Multiclass Motor Imagery Classification Using Error Correcting Output Coding.')",brain_machine_interfaces
"(['Implantable brain-computer interface (BCI) technology is an expanding area of engineering research now moving into clinical application. Ensuring meaningful informed consent in implantable BCI research is an ethical imperative. The emerging and rapidly evolving nature of implantable BCI research makes identification of risks, a critical component of informed consent, a challenge. In this paper, 6 core risk domains relevant to implantable BCI research are identified-short and long term safety, cognitive and communicative impairment, inappropriate expectations, involuntariness, affective impairment, and privacy and security. Work in deep brain stimulation provides a useful starting point for understanding this core set of risks in implantable BCI. Three further risk domains-risks pertaining to identity, agency, and stigma-are identified. These risks are not typically part of formalized consent processes. It is important as informed consent practices are further developed for implantable BCI research that attention be paid not just to disclosing core research risks but exploring the meaning of BCI research with potential participants.'], 'Informed Consent in Implantable BCI Research: Identifying Risks and Exploring Meaning.')",brain_machine_interfaces
"([], '[Neural interface systems: the future is (almost) here].')",brain_machine_interfaces
"(['In a previous study we presented a low-cost, small, and wireless 14-channel EEG system suitable for field recordings (Debener et al., 2012, psychophysiology). In the present follow-up study we investigated whether a single-trial P300 response can be reliably measured with this system, while subjects freely walk outdoors. Twenty healthy participants performed a three-class auditory oddball task, which included rare target and non-target distractor stimuli presented with equal probabilities of 16%. Data were recorded in a seated (control condition) and in a walking condition, both of which were realized outdoors. A significantly larger P300 event-related potential amplitude was evident for targets compared to distractors (p<.001), but no significant interaction with recording condition emerged. P300 single-trial analysis was performed with regularized stepwise linear discriminant analysis and revealed above chance-level classification accuracies for most participants (19 out of 20 for the seated, 16 out of 20 for the walking condition), with mean classification accuracies of 71% (seated) and 64% (walking). Moreover, the resulting information transfer rates for the seated and walking conditions were comparable to a recently published laboratory auditory brain-computer interface (BCI) study. This leads us to conclude that a truly mobile auditory BCI system is feasible.'], 'Towards a truly mobile auditory brain-computer interface: exploring the P300 to take away.')",brain_machine_interfaces
"(['Brain-computer interfaces (BCI) harnessing steady state visual evoked potentials (SSVEPs) manipulate the frequency and phase of visual stimuli to generate predictable oscillations in neural activity. For BCI spellers, oscillations are matched with alphanumeric characters allowing users to select target numbers and letters. Advances in BCI spellers can, in part, be accredited to subject-specific optimization, including; 1) custom electrode arrangements; 2) filter sub-band assessments; and 3) stimulus parameter tuning. Here, we apply deep convolutional neural networks (DCNNs) demonstrating cross-subject functionality for the classification of frequency and phase encoded SSVEP. Electroencephalogram (EEG) data are collected and classified using the same parameters across subjects. Subjects fixate forty randomly cued flickering characters ( 5 ×8 keyboard array) during concurrent wet-EEG acquisition. These data are provided by an open source SSVEP dataset. Our proposed DCNN, PodNet, achieves 86% and 77% offline accuracy of classification across-subjects for two data capture periods, respectively, 6-seconds (information transfer rate = 40 bpm) and 2-seconds (information transfer rate = 101 bpm). Subjects demonstrating sub-optimal (<70%) performance are classified to similar levels after a short subject-specific training period. PodNet outperforms filter-bank canonical correlation analysis for a low volume (3-channel) clinically feasible occipital electrode configuration. The networks defined in this study achieve functional performance for the largest number of SSVEP classes decoded via DCNN to date. Our results demonstrate PodNet achieves cross-subject, calibrationless classification and adaptability to sub-optimal subject data, and low-volume EEG electrode arrangements.'], 'On the Relative Contribution of Deep Convolutional Neural Networks for SSVEP-Based Bio-Signal Decoding in BCI Speller Applications.')",brain_machine_interfaces
"(['Two-dimensional cursor control is an important and challenging issue in EEG-based brain-computer interfaces (BCIs). To address this issue, here we propose a new approach by combining two brain signals including Mu/Beta rhythm during motor imagery and P300 potential. In particular, a motor imagery detection mechanism and a P300 potential detection mechanism are devised and integrated such that the user is able to use the two signals to control, respectively, simultaneously, and independently, the horizontal and the vertical movements of the cursor in a specially designed graphic user interface. A real-time BCI system based on this approach is implemented and evaluated through an online experiment involving six subjects performing 2-D control tasks. The results attest to the efficacy of obtaining two independent control signals by the proposed approach. Furthermore, the results show that the system has merit compared with prior systems: it allows cursor movement between arbitrary positions.'], 'An EEG-based BCI system for 2-D cursor control by combining Mu/Beta rhythm and P300 potential.')",brain_machine_interfaces
"([], 'Illiteracy of Brain-Computer Interface.')",brain_machine_interfaces
"(['Effective common spatial pattern (CSP) feature extraction for motor imagery (MI) electroencephalogram (EEG) recordings usually depends on the filter band selection to a large extent. Subband optimization has been suggested to enhance classification accuracy of MI. Accordingly, this study introduces a new method that implements sparse Bayesian learning of frequency bands (named SBLFB) from EEG for MI classification. CSP features are extracted on a set of signals that are generated by a filter bank with multiple overlapping subbands from raw EEG data. Sparse Bayesian learning is then exploited to implement selection of significant features with a linear discriminant criterion for classification. The effectiveness of SBLFB is demonstrated on the BCI Competition IV IIb dataset, in comparison with several other competing methods. Experimental results indicate that the SBLFB method is promising for development of an effective classifier to improve MI classification.'], 'Sparse Bayesian Learning for Obtaining Sparsity of EEG Frequency Bands Based Feature Vectors in Motor Imagery Classification.')",brain_machine_interfaces
"(['To study the physiologic mechanism of the brain during different motor imagery (MI) tasks, the authors employed a method of brain-network modeling based on time-frequency cross mutual information obtained from 4-class (left hand, right hand, feet, and tongue) MI tasks recorded as brain-computer interface (BCI) electroencephalography data. The authors explored the brain network revealed by these MI tasks using statistical analysis and the analysis of topologic characteristics, and observed significant differences in the reaction level, reaction time, and activated target during 4-class MI tasks. There was a great difference in the reaction level between the execution and resting states during different tasks: the reaction level of the left-hand MI task was the greatest, followed by that of the right-hand, feet, and tongue MI tasks. The reaction time required to perform the tasks also differed: during the left-hand and right-hand MI tasks, the brain networks of subjects reacted promptly and strongly, but there was a delay during the feet and tongue MI task. Statistical analysis and the analysis of network topology revealed the target regions of the brain network during different MI processes. In conclusion, our findings suggest a new way to explain the neural mechanism behind MI.'], 'Time-Frequency Cross Mutual Information Analysis of the Brain Functional Networks Underlying Multiclass Motor Imagery.')",brain_machine_interfaces
"([], 'Special section on gaze-independent brain-computer interfaces.')",brain_machine_interfaces
"([""The closed-loop operation of brain-machine interfaces (BMI) provides a framework to study the mechanisms behind neural control through a restricted output channel, with emerging clinical applications to stroke, degenerative disease, and trauma. Despite significant empirically driven improvements in closed-loop BMI systems, a fundamental, experimentally validated theory of closed-loop BMI operation is lacking. Here we propose a compact model based on stochastic optimal control to describe the brain in skillfully operating canonical decoding algorithms. The model produces goal-directed BMI movements with sensory feedback and intrinsically noisy neural output signals. Various experimentally validated phenomena emerge naturally from this model, including performance deterioration with bin width, compensation of biased decoders, and shifts in tuning curves between arm control and BMI control. Analysis of the model provides insight into possible mechanisms underlying these behaviors, with testable predictions. Spike binning may erode performance in part from intrinsic control-dependent constraints, regardless of decoding accuracy. In compensating decoder bias, the brain may incur an energetic cost associated with action potential production. Tuning curve shifts, seen after the mastery of a BMI-based skill, may reflect the brain's implementation of a new closed-loop control policy. The direction and magnitude of tuning curve shifts may be altered by decoder structure, ensemble size, and the costs of closed-loop control. Looking forward, the model provides a framework for the design and simulated testing of an emerging class of BMI algorithms that seek to directly exploit the presence of a human in the loop.""], 'Stochastic optimal control as a theory of brain-machine interface operation.')",brain_machine_interfaces
"([""The majority of proposed NIRS-BCIs has considered binary classification. Studies considering high-order classification problems have yielded average accuracies that are less than favorable for practical communication. Consequently, there is a paucity of evidence supporting online classification of more than two mental states using NIRS. We developed an online ternary NIRS-BCI that supports the verbal fluency task (VFT), Stroop task and rest. The system utilized two sessions dedicated solely to classifier training. Additionally, samples were collected prior to each period of online classification to update the classifier. Using a continuous-wave spectrometer, measurements were collected from the prefrontal and parietal cortices while 11 able-bodied adult participants were cued to perform one of the two cognitive tasks or rests. Each task was used to indicate the desire to select a particular letter on a scanning interface, while rest avoided selection. Classification was performed using 25 iteration of bagging with a linear discriminant base classifier. Classifiers were trained on 10-dimensional feature sets. The BCI's classification decision was provided as feedback. An average online classification accuracy of [Formula: see text]% was achieved, representing an ITR of [Formula: see text] bits/min. The results demonstrate that online communication can be achieved with a ternary NIRS-BCI that supports VFT, Stroop task and rest. Our findings encourage continued efforts to enhance the ITR of NIRS-BCIs.""], 'Development of a Ternary Near-Infrared Spectroscopy Brain-Computer Interface: Online Classification of Verbal Fluency Task, Stroop Task and Rest.')",brain_machine_interfaces
"(['It has been known that stroke constitutes a major source of acquired disability, with nearly 800,000 new strokes each year in the USA alone. While advances in public and preventative health have helped reduce stroke incidence in high-income countries in recent decades, growth of the aging population, increasing stroke rates in low- to middle-income countries and medical advances that have reduced stroke mortality are all contributing to an increase in stroke survivors worldwide. Large numbers of stroke survivors have residual motor deficits. This editorial will provide an introduction to a class of new therapies being investigated with the aim of improving motor outcomes in stroke patients that uses what is known as brain-computer interface technology.'], 'BCI-FES: could a new rehabilitation device hold fresh promise for stroke patients?')",brain_machine_interfaces
"(['Brain-computer interface (BCI) is a novel method for stroke rehabilitation. However, lacking of sufficient motor-related cortical activity greatly decreases the BCI performance in stroke patients. Interestingly, high-frequency repetitive transcranial magnetic stimulation (rTMS) has been shown to increase the cortical excitability of lesioned hemisphere in stroke patients. This stimulation effect may have benefits on the enhancement of BCI decoding. This study recruited 16 stroke patients to evaluate the stimulation effect on BCI accuracy, with 8 patients were assigned to the TMS-group and the other 8 patients were assigned to the Control-group. Patients in the TMS-group underwent 12 sessions of 10-Hz TMS interventions in four consecutive weeks, whereas no stimulation was applied during this period in the Control-group. Meanwhile, three BCI evaluation sessions were carried out in one day before, one day after, and three days after the TMS intervention, separately. The results showed that the TMS intervention significantly improved the BCI accuracy from 63.5% to 74.3% in motor imagery (MI) tasks, and from 81.9% to 91.1% in motor execution (ME) tasks. This finding provides a novel method for the cure of BCI-inefficiency problem, and may facilitate the clinical application of BCI-based stroke rehabilitation.'], 'Neural Modulation By Repetitive Transcranial Magnetic Stimulation (rTMS) for BCI Enhancement in Stroke Patients.')",brain_machine_interfaces
"(['A simple method to immobilize poly(neutral red) (PNR) and flavin adenine dinucleotide (FAD) hybrid film (PNR/FAD) by cyclic voltammetry is proposed. The PNR/FAD hybrid film can be easily prepared on an electrode surface involving electropolymerization of neutral red (NR) monomers and the electrostatic interaction between the positively charged PNR and the negatively charged FAD. It exhibits electroactive, stable, surface-confined, pH-dependent, nano-sized, and compatible properties. It provides good electrocatalytic properties to various species. It shows a sensitivity of 5.4 μA mM(-1) cm(-2) and 21.5 μA mM(-1) cm(-2) for hydrogen peroxide (H(2)O(2)) and nicotinamide adenine dinucleotide (NADH) with the linear range of 0.1 μM-39 mM and 5 × 10(-5) to 2.5 × 10(-4) M, respectively. It shows another linear range of 48.8-355.5 mM with the sensitivity of 12.3 μA mM(-1) cm(-2) for H(2)O(2). In particular, the PNR/FAD hybrid film has potential to replace some hemoproteins to be a cathode of biofuel cells and provide the biosensing system for glucose and ethanol.'], 'Electrocatalytic reaction of hydrogen peroxide and NADH based on poly(neutral red) and FAD hybrid film.')",electroactive_polymers
"(['This review provides a comprehensive survey of the derivatization of hydrogen-terminated, oxide-free silicon surfaces with electroactive assemblies (from molecules to polymers) attached through strong interactions (covalent, electrostatic, and chimisorption). Provided that surface modification procedures are thoroughly optimized, such an approach has appeared as a promising strategy toward high-quality functional interfaces exhibiting excellent chemical and electrochemical stabilities. The attachment of electroactive molecules exhibiting either two stable redox states (e.g., ferrocene and quinones) or more than two stable redox states (e.g., metalloporphyrins, polyoxometalates, and C60) is more particularly discussed. Attention is also paid to the immobilization of electrochemically polymerizable centers. Globally, these functional interfaces have been demonstrated to show great promise for the molecular charge storage and information processing or the elaboration of the electrochemically switchable devices. Besides, there are also some relevant examples dealing with their activity for other fields of interest, such as sensing and electrochemical catalysis.'], 'Functionalization of Oxide-Free Silicon Surfaces with Redox-Active Assemblies.')",electroactive_polymers
"(['A triblock copolymer PLA-b-AP-b-PLA (PAP) of polylactide (PLA) and aniline pentamer (AP) with the unique properties of being both electroactive and biodegradable is synthesized by coupling an electroactive carboxyl-capped AP with two biodegradable bi-hydroxyl-capped PLAs via a condensation reaction. Three different molecule weight PAP copolymers are prepared. The PAP copolymers exhibit excellent electroactivity similar to the AP and polyaniline, which may stimulate cell proliferation and differentiation. The electrical conductivity of the PAP2 copolymer film ( approximately 5x10(-6)S/cm) is in the semiconducting region. Transmission electron microscopic results suggest that there is microphase separation of the two block segments in the copolymer, which might contribute to the observed conductivity. The biodegradation and biocompatibility experiments in vitro prove the copolymer is biodegradable and biocompatible. Moreover, these new block copolymer shows good solubility in common organic solvents, leading to the system with excellent processibility. These biodegradable PAP copolymers with electroactive function thus possess the properties that would be potentially used as scaffold materials for neuronal or cardiovascular tissue engineering.'], 'Synthesis and characterization of electroactive and biodegradable ABA block copolymer of polylactide and aniline pentamer.')",electroactive_polymers
"(['Due to the increasing need from the membrane technologies for diverse applications, development of new generation of materials with electroactive properties and significant impact on the future technological systems was imposed. An innovative way of designing the membrane materials with long-term stable hydrophilicity, enhanced workability, porosity, and good biocompatibility, has been adopted by blending of quaternized polysulfone (PSFQ) with a cellulose derivative (cellulose acetate phthalate, CAP). Moreover, the quaternization effect has significantly improved the electrical performances, in terms of the ionic conductivity, electron interactions, and dielectric properties, required by target applications, i.e., ionic-exchange membranes, IEMs. Results derived from dielectric spectroscopy confirm the enhanced dielectric quality, reflected by a low dielectric constant and dielectric loss at high frequency. Additionally, the relationship between the resulted dielectric properties and response at the blood-biomaterial interface, have confirmed their excellent performance, constituting the preliminary basis for future tests concerning their functionality as IEMs in hemodialysis.'], 'New perspectives on development of polysulfones/cellulose derivatives based ionic-exchange membranes: Dielectric response and hemocompatibility study.')",electroactive_polymers
"(['Sulfonated polymers have found use as ion-exchange membranes for use in fuel cells, water purification, electroactive devices, and inorganic materials templating and synthesis. Improving the materials for these applications and opening up new applications requires the ability to synthesis targeted or more complex sulfonated polymers, which includes tailoring the chemistry (copolymerization across a wider range of solubility) and/or polymer architecture (block, graft, nanoparticle). This article will summarize the recent work using sulfonated monomers with substituted ammonium counterions as a versatile route for enabling this goal. Two main benefits of these monomers are as follows. First, they are useful for preparing amphiphilic copolymers, which is a challenge using traditional acidic or alkali salt forms of sulfonated monomers. Second, sulfonated polymers with substituted ammonium counterions are useful polymers for obtaining unique material properties, such as organo-gelation of low polarity solvents or obtaining ionic liquid polymers for the fabrication of solid polymer electrolytes.'], 'Synthesis and polymerization of substituted ammonium sulfonate monomers for advanced materials applications.')",electroactive_polymers
"(['This paper describes the application of novel nanocomposite material polyaniline/multiwall carbon nanotubes/starch (designated as PCS) as a good electrode material for electrochemical sensing. The developed ternary composite system has manifold interactions and synergistic improved properties - high surface area, good electro-activity, conductivity, stable dispersion, biocompatible, hydrophilic and hydrophobic regions, multifunctional, and nanoturmeric shape morphology. Hydrogen peroxide biosensor was fabricated as a model system using PCS and hemoglobin (HB) modified carbon paste electrode. PCS and HB compatible and effectively communicate with each other, facilitate the charge transfer (potassium ferricyanide used as electroactive marker). Thus, PCS and HB (in combination) is a good electrode material for sensitive and selective detection of peroxide. The developed biosensor showed a linear range (0.1\u202fmM-5\u202fmM, R2\u202f=\u202f0.9975), limit of detection (0.032\u202fmM), sensitivity (76.43\u202fμA/mM\u202fcm2) and long-term storage and stability. This material could be used a platform to develop some other sensors by using other redox enzymes. As a model, we incorporate glucose oxidase to detect Glucose. Thus, the favorable properties indicate that the proposed material system suitable for low-cost sensor strips.'], 'Polyaniline/multiwall carbon nanotubes/starch nanocomposite material and hemoglobin modified carbon paste electrode for hydrogen peroxide and glucose biosensing.')",electroactive_polymers
"(['In the present work, strong polybase quaternized hydroxyethyl cellulose ethoxylate (HECE) and weak polyacid alginate (AA) were assembled into {HECE/AA} n layer-by-layer (LBL) films on electrodes by electrostatic interaction between them, and the films were then immersed in myoglobin (Mb) solution to load Mb into the films, designated as {HECE/AA}n-Mb. The {HECE/AA}n-Mb films showed a nearly reversible cyclic voltammetric (CV) peak pair at about -0.34 V vs SCE in pH 7.0 buffers for Mb heme Fe(III)/Fe(II) redox couple, and the surface concentration of electroactive Mb in the films (Gamma*) was affected significantly by the pH of Mb loading solution and testing solution. The amount of Mb loaded from pH 5.0 solution was much larger than that from pH 9.0 solution, which is mainly attributed to the higher degree of swelling, porosity, and permeability of {HECE/AA}n films at pH 5.0 than at pH 9.0. In addition, the electrostatic interaction between Mb and the AA component in the films might also play an important role in Mb loading. The pH of the testing solution where {HECE/AA}n-Mb films were tested by CV also influenced the Gamma* value, showing that the fraction of electroactive Mb among the total Mb loaded into the films increased remarkably as the pH of the testing solution decreased. This result is rationalized in terms of the pH-dependent film permeability toward counterions and the electron-hopping mechanism in electron transfer of redox proteins in the film phase. This model system may provide a general and effective approach to control the electroactivity of immobilized redox proteins in the multilayer assembly containing weak polyions by adjusting pH and may guide us to develop the new kind of controllable electrochemical biosensors based on the direct electrochemistry of enzymes.'], 'pH-dependent behaviors of electroactive myoglobin loaded into layer-by-layer films assembled with alginate and hydroxyethyl cellulose ethoxylate.')",electroactive_polymers
"(['Significant technological drivers motivate interest in the use of reaction sites embedded within nanometer-scale channels, and an important class of these structures is realized by an embedded annular nanoband electrode (EANE) in a cylindrical nanochannel. In this structure, the convective delivery of electroactive species to the nanoelectrode is tightly coupled to the electrochemical overpotential via electroosmotic flow. Simulation results indicate that EANE arrays significantly outperform comparable microband electrode/microchannel structures, producing higher conversion efficiencies at low Peclet number. The results of this in-depth analysis are useful in assessing possible implementation of the EANE geometry for a wide range of electrochemical targets within microscale total analysis systems.'], 'Convective delivery of electroactive species to annular nanoband electrodes embedded in nanocapillary-array membranes.')",electroactive_polymers
"([""Movement in biology is an essential aspect of survival for many organisms, animals and plants. Implementing movement efficiently to meet specific needs is a key attribute of natural living systems, and can provide ideas for man-made developments. If we had to find a subtitle able to essentially convey the aim of this special section, it could read as follows: 'taking inspiration from nature for new materials, actuators, structures and controls for systems that move'. Our world is characterized by a huge variety of technical, engineering systems that move. They surround us in countless products that integrate actuators for different kinds of purposes. Basically, any kind of mechatronic system, such as those used for consumer products, machines, vehicles, industrial systems, robots, etc, is based on one or more devices that move, according to different implementations and motion ranges, often in response to external and internal stimuli. Despite this, technical solutions to develop systems that move do not evolve very quickly as they rely on traditional and well consolidated actuation technologies, which are implemented according to known architectures and with established materials. This fact limits our capability to overcome challenges related to the needs continuously raised by new fields of application, either at small or at large scales. Biomimetics-based approaches may provide innovative thinking and technologies in the field, taking inspiration from nature for smart and effective solutions. In an effort to disseminate current advances in this field, this special section collects some papers that cover different topics. A brief synopsis of the content of each contribution is presented below. The first paper, by Lienhard et al [1], deals with bioinspiration for the realization of structural parts in systems that passively move. It presents a bioinspired hingeless flapping mechanism, considered as a solution to the kinematics of deployable systems for architectural structures. The approach relies on structural elasticity to replace the need for local hinges. To this end, the authors have used fibre-reinforced polymers combining high tensile strength with low bending stiffness. The solution favours lower structural complexity as well as higher design versatility. Bioinspiration from the elastic kinetics of plants is a central pillar of the paper, which highlights the interrelation of form, actuation and kinematics in those natural systems. The second paper, by Nakata et al [2], deals with bioinspired systems that actively move, and, more specifically, fly. The paper is about the aerodynamics of a bio-inspired flexible flapping-wing micro air vehicle conceived to fly in a Reynolds number regime used by most natural flyers, including insects, bats and birds. The paper presents a study of the flexible wing aerodynamics of the flapping vehicle by combining an in-house computational fluid dynamic model with wind tunnel experiments. In particular, the developed model is shown to be able to predict unsteady aerodynamics in terms of vortex and wake structures and their relationship with aerodynamic force generation. Simulations are validated by wind tunnel experiments, confirming the effectiveness of the adopted design solutions, as well as the importance of wing flexibility in designing small flapping-wing vehicles. The third paper, by Annunziata et al [3], deals with bioinspired control strategies for systems that move. In particular, the paper describes approaches to increase the stiffness variability in multi-muscle driven joints. Different strategies for simultaneous control of torque and stiffness in a hinge joint actuated by two antagonistic muscle pairs are presented. The proposed strategies combine torque and stiffness control by co-activation with approaches based on activation overflow and inverse modelling. Extensive simulations are performed and described to assess the control efficacy. In the fourth paper, Merker et al [4] present a study on stable walking with asymmetric legs. The authors are concerned with the need to clarify to what extent differences in the leg function of contralateral limbs can be tolerated during walking or running. A bipedal spring-mass model simulating walking with compliant legs is used to show that even remarkable differences between contralateral legs can not only be tolerated, but may also introduce advantages to the robustness of the system dynamics. This study might contribute to shedding light on the stability of asymmetric leg walking, including the potential benefits of asymmetry, with possible implications for design of prosthetic or orthotic systems. The last two papers of this special section deal with active bioinspired systems driven by new actuators made of smart materials. In particular, the paper authored by Rossi et al [5] presents an underwater fish-like robot based on bending structures driven by shape memory alloys. These kinds of actuators are used to bend the backbone of the fish, which in turn causes a change in the curvature of the fish body. The paper describes the mechanisms by which standard swimming patterns can be reproduced with the proposed design, and show characterizations in terms of the actuation speed and position accuracy of prototype systems. The last paper, by Carpi et al [6], presents an overview on ionic- and electronic-type electromechanically active polymer actuators as artificial muscles for bioinspired applications. The electrical responsiveness and numerous functional and structural properties that these materials and actuators have in common with natural muscles are shown to be the key motivation by which they are studied as artificial muscles for a huge variety of possible uses. The authors describe the fundamental aspects of relevant technologies and emphasize how after several years of basic research, electromechanically active polymer actuators are today facing their important initial transition from academia into commercialization. In conclusion, we hope that the selection of papers in this special section might help to provide readers with a balanced overview, through examples on the relevant fundamental aspects, materials, actuators, structures, controls and on their effective integration, in order to develop approaches which will be successful in 'taking inspiration from nature for systems that move'. References [1] Lienhard J, Schleicher S, Poppinga S, Masselter T, Milwich M, Speck T and Knippers J 2011 Flectofin: a hingeless flapping mechanism inspired by nature Bioinsp. Biomim. 6 045001 [2] Nakata T, Liu H, Tanaka Y, Nishihashi N, Wang X and Sato A 2011 Aerodynamics of a bio-inspired flexible flapping-wing micro air vehicle Bioinsp. Biomim. 6 045002 [3] Annunziata S, Paskarbeit J and Schneider A 2011 Novel bioinspired control approaches to increase the stiffness variability in multi-muscle driven joints Bioinsp. Biomim. 6 045003 [4] Merker A, Rummel J and Seyfarth A 2011 Stable walking with asymmetric legs Bioinsp. Biomim. 6 045004 [5] Rossi C, Colorado J, Coral W and Barrientos A 2011 Bending continuous structures with SMAs: a novel robotic fish design Bioinsp. Biomim. 6 045005 [6] Carpi F, Kornbluh R, Sommer-Larsen P and Alici G 2011 Electroactive polymer actuators as artificial muscles: are they ready for bioinspired applications? Bioinsp. Biomim. 6 045006.""], 'Special section on biomimetics of movement.')",electroactive_polymers
"(['Though there are many stimuli-responsive polymer actuators based on synthetic polymers, electroactive natural biopolymer actuators are very rare. We developed an electrospun fullernol-cellulose biocompatible actuator with much lower power consumption and larger electromechanical displacement in comparison with a pure cellulose acetate actuator. Morphology of the electrospun membranes resembles the nanoporous structure of extracellular matrix in natural muscles. Presence of minute concentrations of fullerenol leads to sharp increase in the degree of crystallinity and substantial increase in tensile strength of membranes. Chemical interactions between cellulose acetate and fullerenols are confirmed by three shifts in carboxylate, carboxy, and carbonyl linkages from the Fourier-transform infrared spectrometry. Much larger tip displacement, nearly 3-fold even at 0.5 wt % fullerenol content, was observed with much lower power consumption under both alternating and direct current conditions.'], 'Electrospun fullerenol-cellulose biocompatible actuators.')",electroactive_polymers
"(['Considering all the potential applications of organic electronics in portable, wearable, and implantable devices, it is of great importance to develop electroactive materials that possess mechanical reliability along with excellent electronic performance. The coexistence of these two attributes, however, is very difficult to achieve because there is an inverse relationship between the electrical properties and the mechanical flexibility, both of which are associated with the conjugation length and intermolecular ordering of the polymers. Herein, we demonstrate a simple and robust approach based on solution assembly of two different poly(3-hexylthiophene)s (P3HTs) with regioregularity (RR) contents of 97% and 66% to impart both electrical and mechanical properties to films for organic electronic applications. The 97% RR P3HT exhibits high electronic performance but poor mechanical resilience, and vice versa for the 66% RR P3HT. Selective crystallization of high RR P3HT induced by solution assembly allows the use of a one-step process to construct percolated networks of high RR P3HT nanowires (NWs) in a low RR P3HT matrix. Only 5 wt % of high RR P3HT NWs in a 95 wt % low RR P3HT matrix was required to produce hole mobilities comparable to that of pure high RR P3HT, and this blend film exhibited improvements by factors of 20 and 60 in elongation at break and toughness, respectively. Selective self-assembly of RR-controlled polymers allowed us to overcome the fragile nature of highly crystalline conjugated polymer films without sacrificing their electronic properties.'], 'Solution-Assembled Blends of Regioregularity-Controlled Polythiophenes for Coexistence of Mechanical Resilience and Electronic Performance.')",electroactive_polymers
"(['Because of its natural abundance, hierarchical fibrous structure, mechanical flexibility, potential for chemical modification, biocompatibility, renewability, and abundance, cellulose is one of the most promising green materials for a bio-based future and sustainable economy. Cellulose derived from wood or bacteria has dominated the industrial cellulose market and has been developed to produce a number of advanced materials for applications in energy storage, environmental, and biotechnology areas. However, Cladophora cellulose (CC) extracted from green algae has unprecedented advantages over those celluloses because of its high crystallinity (>95%), low moisture adsorption capacity, excellent solution processability, high porosity in the mesoporous range, and associated high specific surface area. The unique physical and chemical properties of CC can add new features to and enhance the performance of nanocellulose-based materials, and these attributes have attracted a great deal of research interest over the past decade. This Account summarizes our recent research on the preparation, characterization, functionalization, and versatile applications of CC. Our aim is to provide a comprehensive overview of the uniqueness of CC with respect to material structure, properties, and emerging applications. We discuss the potential of CC in energy storage, environmental science, and life science, with emphasis on applications in which its properties are superior to those of other nanocellulose forms. Specifically, we discuss the production of the first-ever paper battery based on CC. This battery has initiated a rising interest in the development of sustainable paper-based energy storage devices, where cellulose is used as a combined building block and binder for paper electrodes of various types in combination with carbon, conducting polymers, and other electroactive materials. High-active-mass and high-mass-loading paper electrodes can be made in which the CC acts as a high-surface-area and porous substrate while a thin layer of electroactive material is coated on individual nanofibrils. We have shown that CC membranes can be used directly as battery separators because of their low moisture content, high mesoporosity, high thermal stability, and good electrolyte wettability. The safety, stability, and capacity of lithium-ion batteries can be enhanced simply by using CC-based separators. Moreover, the high chemical modifiability and adjustable porosity of dried CC papers allow them to be used as advanced membranes for environmental science (water and air purification, pollutant adsorption) and life science (virus isolation, protein recovery, hemodialysis, DNA extraction, bioactive substrates). Finally, we outline some concluding perspectives on the challenges and future directions of CC research with the aim to open up yet unexplored fields of use for this interesting material.'], 'Cladophora Cellulose: Unique Biopolymer Nanofibrils for Emerging Energy, Environmental, and Life Science Applications.')",electroactive_polymers
"(['Poly(vinylidene difluoride) (PVDF) displays attractive ferroelectric/piezoelectric properties and its polar β-crystals are specifically targeted for achieving electroactive applications. However, their direct crystallization from the melt state represents a challenging task that has never been addressed using melt-state processes. The use of poly(methyl methacrylate) (PMMA) is herein investigated to promote the PVDF polar β-phase using melt-blending and extrusion-calendering technologies. The presence of the β-phase is here confirmed by ATR-FTIR and WAXS experiments with blends at a PMMA content as low as 5 wt%. The key role of PMMA for the β-phase crystallization from the melt state was unambiguously highlighted with the help of Flash DSC experiments in non-isothermal cooling mode from the melt state. PMMA is able to efficiently shift the α-to-β crystal transition to lower cooling rates (>100-200 °C s-1), making the achievement of the PVDF polar β-phase for these blends compatible with conventional processing tools. A crystal phase diagram is proposed for the PVDF/PMMA blends to highlight the dual effects of both PMMA and cooling rate on the PVDF crystallization during melt-processing. Ferroelectric properties were even observed for the blends containing PMMA up to 10 wt% with the highest remanent polarization obtained at 5 wt% PMMA. After 10 wt% PMMA, a progressive transition from ferroelectric to pseudo-linear dielectric behavior is observed more likely due to the presence of PMMA in the interlamellar amorphous phase of the polar PVDF spherulites as shown by SAXS experiments. In this work, we successfully demonstrated that PMMA plays a key role in the crystallization of PVDF polar crystals from the melt state, enabling large-scale and continuous extrusion processing of PVDF-based materials with attractive dielectric properties for sensing and harvesting applications.'], 'Processing of PVDF-based electroactive/ferroelectric films: importance of PMMA and cooling rate from the melt state on the crystallization of PVDF beta-crystals.')",electroactive_polymers
"(['Metallic conduction generally requires high carrier concentration and wide bandwidth derived from strong orbital interaction between atoms or molecules. These requisites are especially important in organic compounds because a molecule is fundamentally an insulator; only multi-component salts with strong intermolecular interaction-namely, only charge transfer complexes and conducting polymers-have demonstrated intrinsic metallic behaviour. Herein we report a single-component electroactive molecule, zwitterionic tetrathiafulvalene(TTF)-extended dicarboxylate radical (TED), exhibiting metallic conduction even at low temperatures. TED exhibits d.c. conductivities of 530\u2009S\u2009cm-1 at 300\u2009K and 1,000\u2009S\u2009cm-1 at 50\u2009K with copper-like electronic properties. Spectroscopic and theoretical investigations of the carrier-generation mechanism and the electronic states of this single molecular species reveal a unique electronic structure with a spin-density gradient in the extended TTF moieties that becomes, in itself, a metallic state.'], 'Carrier generation and electronic properties of a single-component pure organic metal.')",electroactive_polymers
"([""Sensitive and selective sensing of biological molecules is fundamental to disease diagnosis and infectious disease surveillance. Herein, an ultrasensitive and highly selective electrochemical DNA biosensor is described by exploiting the electrochemically controlled reversible addition-fragmentation chain-transfer (eRAFT) polymerization as a signal amplification strategy and the peptide nucleic acid (PNA) probes as the recognition elements. Specifically, the PNA probes with a thiol at their 5'-terminals are anchored to a gold electrode surface (via gold-sulfur self-assembly) for sequence-specific recognition of target DNA (tDNA) fragments, of which the phosphate sites serve as the anchorages for the targeted labeling (via the well-established phosphate-Zr4+-carboxylate chemistry) of the carboxyl-group-containing chain-transfer agents (CTAs) for the succedent eRAFT polymerization, wherein the initiating radicals are generated through electrochemical reduction of aryl diazonium salts under a potentiostatic condition. In the presence of ferrocenylmethyl methacrylate (FcCH═CH2) as the monomer, the grafting of polymer chains from the CTA-anchored sites as a result of the eRAFT polymerization brings numerous electroactive Fc tags to the electrode surface, outputting a high electrochemical sensing signal even in the presence of trace amounts of tDNA fragments. Under the optimized conditions, the linear range of the described electrochemical DNA biosensor spans from 10 aM to 10 pM ( R2 = 0.998), with an attomolar detection limit (4.1 aM) being achieved. Moreover, the described electrochemical DNA biosensor is highly selective and applicable to the sensing of tDNA fragments in complex serum samples. Given its high efficiency, easy operation, and low cost, this biosensor shows great promise in real applications.""], 'Electrochemical DNA Biosensing via Electrochemically Controlled Reversible Addition-Fragmentation Chain Transfer Polymerization.')",electroactive_polymers
"(['Applying electrical stimulation (ES) could affect different cellular mechanisms, thereby producing a bactericidal effect and an increase in human cell viability. Despite its relevance, this bioelectric effect has been barely reported in percolated conductive biopolymers. In this context, electroactive polycaprolactone (PCL) scaffolds with conductive Thermally Reduced Graphene Oxide (TrGO) nanoparticles were obtained by a 3D printing method. Under direct current (DC) along the percolated scaffolds, a strong antibacterial effect was observed, which completely eradicated S. aureus on the surface of scaffolds. Notably, the same ES regime also produced a four-fold increase in the viability of human mesenchymal stem cells attached to the 3D conductive PCL/TrGO scaffold compared with the pure PCL scaffold. These results have widened the design of novel electroactive composite polymers that could both eliminate the bacteria adhered to the scaffold and increase human cell viability, which have great potential in tissue engineering applications.'], 'Electroactive 3D Printed Scaffolds Based on Percolated Composites of Polycaprolactone With Thermally Reduced Graphene Oxide for Antibacterial and Tissue Engineering Applications.')",electroactive_polymers
"(['Novel approaches to neural research require biocompatible materials capable to act as electrode structures or scaffolds for tissue engineering in order to stimulate or restore the functionality of damaged tissues. This work offers promising results that indicate the potential use of electrospun silk fibroin (SF) scaffolds coated with reduced graphene oxide (rGO) in this sense. The coated material becomes conductor and electroactive. A complete characterisation of SF/rGO scaffolds is provided in terms of electrochemistry, mechanical behaviour and chemical conformation of fibroin. The excellent biocompatibility of this novel material is proved with cultures of PC-12 cells. The coating with rGO improved the adhesion of cells in comparison with cells growing onto the surface of pure SF scaffolds. Also, the use of SF/rGO scaffolds combined with electrical stimulation promoted the differentiation into neural phenotypes reaching comparable or even superior levels to those obtained by means of the traditional treatment with neural growth factor (NGF).'], 'Electrospun silk fibroin scaffolds coated with reduced graphene promote neurite outgrowth of PC-12 cells under electrical stimulation.')",electroactive_polymers
"(['We show a simple strategy to obtain an efficient enzymatic bioelectrochemical device, in which urease was immobilized on electroactive nanostructured membranes (ENMs) made with polyaniline and silver nanoparticles (AgNP) stabilized in polyvinyl alcohol (PAni/PVA-AgNP). Fabrication of the modified electrodes comprised the chemical deposition of polyaniline followed by drop-coating of PVA-AgNP and urease, resulting in a final ITO/PAni/PVA-AgNP/urease electrode configuration. For comparison, the electrochemical performance of ITO/PAni/urease electrodes (without Ag nanoparticles) was also studied. The performance of the modified electrodes toward urea hydrolysis was investigated via amperometric measurements, revealing a fast increase in cathodic current with a well-defined peak upon addition of urea to the electrolytic solution. The cathodic currents for the ITO/PAni/PVA-AgNP/urease electrodes were significantly higher than for the ITO/PAni/urease electrodes. The friendly environment provided by the ITO/PAni/PVA-AgNP electrode to the immobilized enzyme promoted efficient catalytic conversion of urea into ammonium and bicarbonate ions. Using the Michaelis-Menten kinetics equation, a K(M)(app) of 2.7 mmol L(-1) was obtained, indicating that the electrode architecture employed may be advantageous for fabrication of enzymatic devices with improved biocatalytic properties.'], 'Enzyme immobilization on Ag nanoparticles/polyaniline nanocomposites.')",electroactive_polymers
"(['In this work, a novel and sensitive multiplexed immunoassay protocol for simultaneous electrochemical determination of alpha-fetoprotein (AFP) and carcinoembryonic antigen (CEA) was designed using functionalized chitosan composites. The immunosensing platform was prepared via immobilizing capture anti-AFP and anti-CEA on chitosan-Au nanoparticles (AuNPs) through EDC/NHS linking. The signal tags were fabricated by immobilizing electroactive redox probes - Prussian blue (PB) and ferrocenecarboxylic acid (Fc) on chitosan (CHIT), following by absorbing AuNPs to immobilize labeled anti-AFP and anti-CEA, respectively. A sandwich-type immunoassay format was employed for the simultaneous detection of AFP and CEA. The assay was based on the electrochemical oxidation/reduction of the redox species in signal tags, which has a relationship with the concentration of analytes. Experimental results revealed that the multiplexed electrochemical immunoassay enabled the simultaneous monitoring of AFP and CEA with a wide range of 0.05-100 ng mL(-1) for both AFP and CEA. The detection limits (LOD) was 0.03 ng mL(-1) for AFP and 0.02 ng mL(-1) for CEA (S/N=3). The assay results of serum samples with the proposed method were in a good agreement with the reference values from standard ELISA method. And the negligible cross-reactivity between the two analytes makes it possesses potential promise in clinical diagnosis.'], 'Multiplexed electrochemical immunoassay of biomarkers using chitosan nanocomposites.')",electroactive_polymers
"(['Silk fibroin (SF) with good biocompatibility and degradability has great potential for tissue engineering. However, the SF based scaffolds lack the electroactivity to regulate the myogenic differentiation for the regeneration of muscle tissue, which is sensitive to electrical signal. Herein, a series of electroactive biodegradable scaffolds based on SF and water-soluble conductive poly(aniline-co-N-(4-sulfophenyl) aniline) (PASA) via a green method for skeletal muscle tissue engineering are designed. SF/PASA scaffolds are prepared by vortex of aqueous solution of SF and PASA under physiological condition. Murine-derived L929 fibroblast and C2C12 myoblast cells are used to evaluate cytotoxicity of SF/PASA scaffolds. Moreover, myogenic differentiation of C2C12 cells is investigated by analyzing the morphology of myotubes and related gene expression. These results suggest that electroactive SF/PASA scaffolds with a suitable microenvironment, which can enhance the myogenic differentiation of C2C12 cells, have a great potential for skeletal muscle regeneration.'], 'Electroactive 3D Scaffolds Based on Silk Fibroin and Water-Borne Polyaniline for Skeletal Muscle Tissue Engineering.')",electroactive_polymers
"(['Novel PVC membrane electrodes for the determination of betaine ion based on the formation of betaine-tetraphenylborate (Be-TPB) and betaine-phosphotungstate (Be-PT) ion-exchangers as electroactive materials are described. The sensors show a fast, stable, near Nernstian response for 6.92 x 10(-6) to 7.94 x 10(-3) M and 1.0 x 10(-4) to 1.0 x 10(-2) M betaine hydrochloride (Be.Cl) in case of Be-TPB electrode applying batch and flow injection analysis (FIA), respectively, and 2.95 x 10(-5) to 2.26 x 10(-3) M and 3.16 x 10(-5) to 1.0 x 10(-2) M in case of Be-PT electrode for batch and FIA electrodes, respectively, at 25 degrees C over the pH range of 3.5-10 with a cationic slope of 60.2 and 59.1 mV decade(-1) and a fast potential response of < or =15 s. The lower detection limits are 7.94 x 10(-6) and 3.18 x 10(-5) M Be.Cl for Be-TPB and Be-PT electrodes, respectively. Selectivity coefficient data for some common inorganic cations, sugars, amino acids and the components other than betaine, of the mixed drug investigated show negligible interference. The electrodes have been applied to the direct potentiometric determination of betaine hydrochloride in water and in a pharmaceutical preparation under batch and FIA conditions. Potentiometric titrations of Be.Cl with NaTPB and PTA as titrants were monitored with the developed betaine electrodes as an end point indicator electrode. The determination of Be.Cl shows an average recovery of 100.8% with mean relative standard deviation of 0.61%. The effect of temperature on the electrodes was also studied.'], 'Potentiometric batch and flow injection analysis of betaine hydrochloride.')",electroactive_polymers
"(['Electron transfer efficiency in electroactive biofilm is the limiting factor for bioelectricity output of bioelectrochemical system. Here, carbon felt (CF) is coated with manganese dioxide (MnO2) which acts as electron mediator in electroactive biofilm. A wrapping layer of conducting Poly 3,4-ethylenedioxythiophene is developed to protect the MnO2 and enhance electron transfer efficiency of MnO2 mediator. The hybrid bioanode (PEDOT/MnO2/CF bioanode) delivered the highest electron transfer efficiency (6.3\u202f×\u202f10-9\u202fmol\u202fcm-2\u202fs-1/2) and the highest capacitance of 4.78\u202fF, much higher than bare CF bioanode (1.50\u202f±\u202f0.04\u202f×\u202f10-9\u202fmol\u202fcm-2\u202fs-1/2 and 0.42\u202fF). As a result, microbial fuel cells could produce a maximum power density of 1534\u202f±\u202f13\u202fmW\u202fm-2, approximately 57.7% higher than that with the bare carbon felt anode (972\u202f±\u202f21\u202fmW\u202fm-2). Possible mechanisms are proposed to help understanding the different function of the PEDOT and MnO2 on the anodic layer. This study introduces an effective method for the fabrication of high performance anode.'], 'Enhancing extracellular electron transfer efficiency and bioelectricity production by vapor polymerization Poly (3,4-ethylenedioxythiophene)/MnO2 hybrid anode.')",electroactive_polymers
"(['The [Ni[(TAP)(SBn)8]] complex (I), i.e. ([2,3,7,8,12,13,17,18-octakis(benzylthio)-5,10,15,20-tetraazaporphyrin])nickel(II), has been explored as an ionophore for fabrication of the PVC based membrane electrodes used in the screening of thiocyanate anion (SCN-). The membrane having [Ni[(TAP)(SBn)8]] complex (I) as an electroactive material and dioctylphthalate (DOP) as plasticizer in the PVC matrix with the percentage ratio 5 : 158 : 200 (I : DOP : PVC, % w/w) exhibited a linear response in the concentration range 7.0 x 10(-6)-1.0 x 10(-1) M of SCN- with a sub-Nernstian slope 32.5 +/- 0.2 mV/decade of activity and a fast response time of 10 +/- 2 s. The sensor works well in the pH range 3.0 - 9.5 and could be satisfactorily used in presence of 50 % (v/v) methanol, ethanol and acetone, and is selective for SCN- over a large number of anions with slight interference from iodide (I-) and azide (N3-) if present at a level >or = 1.0 x 10(-5) M. Described electrode works well over a period of six months. The sensor can be successfully applied for the screening of SCN- in both aqueous and real samples and also as indicator electrodes in precipitation titrations.'], 'Fabrication of PVC based membrane using nickel porphyrazine as ionophore in the screening of thiocyanate ion in aqueous and real samples.')",electroactive_polymers
"(['A novel, biocompatible sensing strategy based on graphene and chitosan composite film for immobilizing the hemoglobin protein was firstly adopted. The direct electron transfer and bioelectrocatalytic activity of hemoglobin after incorporation into the composite film were investigated. A pair of reversible redox waves of hemoglobin was appeared, and hemoglobin could exhibit its bioelectrocatalytic activity toward H(2)O(2) in a long term. Such results indicated that graphene and chitosan composite could be a friendly biocompatible interface for immobilizing biomolecules and keeping their native structure. Furthermore, the appearance of graphene in the composite film could facilitate the electron transfer between matrix and the electroactive center of hemoglobin. Hence, this graphene and chitosan based protocol would be a promising platform for protein immobilization and biosensor preparation.'], 'Direct electrochemistry and electrocatalysis of hemoglobin protein entrapped in graphene and chitosan composite film.')",electroactive_polymers
"([""Establishing a biology-device interface might enable the interaction between microelectronics and biotechnology. In this study, electroactive hydrogels have been produced using bacterial cellulose (BC) and conducting polymer (CP) deposited on the BC hydrogel surface to cover the BC fibers. The structures of these composites thus have double networks, one of which is a layer of electroactive hydrogels combined with BC and CP. The electroconductivity provides the composites with capabilities for voltage and current response, and the BC hydrogel layer provides good biocompatibility, biodegradability, bioadhesion and mass transport properties. Such a system might allow selective biological functions such as molecular recognition and specific catalysis and also for probing the detailed genetic and molecular mechanisms of life. A BC-CP composite hydrogel could then lead to a biology-device interface. Cyclic voltammetry and electrochemical impedance spectroscopy (EIS) are used here to study the composite hydrogels' electroactive property. BC-PAni and BC-PPy respond to voltage changes. This provides a mechanism to amplify electrochemical signals for analysis or detection. BC hydrogels were found to be able to support the growth, spreading and migration of human normal skin fibroblasts without causing any cytotoxic effect on the cells in the cell culture. These double network BC-CP hydrogels are biphasic Janus hydrogels which integrate electroactivity with biocompatibility, and might provide a biology-device interface to produce implantable devices for personalized and regenerative medicine.""], 'Double network bacterial cellulose hydrogel to build a biology-device interface.')",electroactive_polymers
"(['One type of electroactive shape memory nanocomposite was fabricated, including cross-linked poly(ε-caprolactone) (cPCL) and conductive multiwalled carbon nanotubes (MWNTs). The cross-linking reaction of the pristine poly(ε-caprolactone) (PCL) was realized by using benzoyl peroxide (BPO) as an initiator. The raw MWNTs (Raw-M) were prefunctionalized by acid-oxidation process and covalent grafting with poly (ethylene glycol) (PEG), respectively. Three kinds of nanocomposites containing cPCL/Raw-M, cPCL/acid-oxidation MWNTs (AO-M) and cPCL/PEG grafted MWNTs (PEG-M) were obtained, and the mechanical, electrical and shape memory properties were further investigated. The influence of in vitro degradation on their shape memory and mechanical properties was also evaluated. The methyl thiazolyl tetrazolium (MTT) assay was performed to estimate their biocompatibility. The results displayed that these nanocomposites could perform favorable shape memory recovery both in hot water at 55 °C and in electric field with 50 V applied voltage. In addition, compared with cPCL/Raw-M and cPCL/AO-M, cPCL/PEG-M composite possessed more favorable properties such as mechanical, biocompatible, and electroactive shape memory functions. Therefore, the nanocomposite may be potential for application as smart bioactuators in biomedical field.'], 'Electro-active shape memory properties of poly(ε-caprolactone)/functionalized multiwalled carbon nanotube nanocomposite.')",electroactive_polymers
"(['The controlled release of benzoic acid (3.31\xa0Å) and sulphanilamide (3.47\xa0Å) from poly(vinyl alcohol), PVA, hydrogels fabricated by solution casting at various cross-linking ratios, were investigated. The PVA hydrogels were characterized in terms of the degree of swelling, the molecular weight between cross-links, and the mesh size. The drug release experiment was carried out using a modified Franz diffusion cell, at a pH value of 5.5 and at temperature of 37°C. The amount of drug release and the diffusion coefficients of the drugs from the PVA hydrogels increased with decreasing cross-linking ratio, as a larger mesh size was obtained with lower cross-linking ratios. With the application of an electric field, the amount of drug release and the diffusion coefficient increased monotonically with increasing electric field strength, since the resultant electrostatic force drove the ionic drugs from the PVA matrix. The drug size, matrix pore size, electrode polarity, and applied electric field were shown to be influential controlling factors for the drug release rate.'], 'Electric field-controlled benzoic acid and sulphanilamide delivery from poly(vinyl alcohol) hydrogel.')",electroactive_polymers
"(['A hierarchical carbon nanotube-polypyrrole (CNT-PPy) core-shell composite was fabricated by growing CNTs directly on carbon cloth (CC) as a skeleton followed by electropolymerization of PPy with controlled polymerization time. Direct fabrication of electroactive (CNT-PPy) materials on the flexible CC electrode could reduce the interfacial resistance between the electrode and electrolyte and improve the ion diffusion. The supercapacitor electrode based on optimized PPy/CNT-CC exhibits excellent electrochemical performance, with the highest gravimetric capacitance being roughly 1038\u2005F\u2009g(-1) per active mass of PPy and up to 486.1\u2005F\u2009g(-1) per active mass of the PPy/CNT composite. Notably, excellent flexibility and cycle stability up to 10\u2009000\u2005cycles with only 18\u2009% capacitance loss was achieved. At the same time, the fabricated asymmetric supercapacitor (PPy/CNT-CC∥CNT-CC) shows the maximum power density of 10\u2009962\u2005W\u2009kg(-1) at an energy density of 3.9\u2005Wh\u2009kg(-1) under the operating potential of 1.4\u2005V. The overall high cycle stability and high performance of the fabricated PPy/CNT-CC flexible electrode is due to the novel binder-free direct growth process.'], 'Directly-Grown Hierarchical Carbon Nanotube@Polypyrrole Core-Shell Hybrid for High-Performance Flexible Supercapacitors.')",electroactive_polymers
"(['This paper describes several applications of polyion-biomolecule films on electrodes related to future development of in vitro chemical toxicity sensors. In the first example, composite films of DNA and ionomers cast onto pyrolytic graphite (PG) electrodes are shown to be useful for detecting DNA damage during incubation with the carcinogen styrene oxide at pH 5.5. Single electrodes can be used to estimate relative damage rates by derivative square wave voltammetry. Films containing the ionomer Nafion gave better reproducibility than another ionomer, Eastman AQ38. In the second example, films containing redox proteins myoglobin (Mb) and cytochrome (cyt) P450cam were constructed in alternate layers with polyions including DNA on rough PG electrodes. Films with reversible protein FeIII/FeII electrochemistry with up to 7 electroactive layers were made. Amounts of electroactive protein on rough PG that were 7 to 17-fold larger than in similar films on smooth gold were achieved because many more layers were electroactive. Films of Mb/DNA also showed oxidation peaks after short incubations with styrene oxide that may be attributable to DNA damage. Results are relevant to the future design of enzyme-DNA films which convert pollutants and drugs to reactive metabolites, followed by electrochemical detection of the resulting DNA damage.'], 'Applications of polyion films containing biomolecules to sensing toxicity.')",electroactive_polymers
"(['Untethered actuation is important for robotic devices to achieve autonomous motion, which is typically enabled by using batteries. Using enzymes to provide the required electrical charge is particularly interesting as it will enable direct harvesting of fuel components from a surrounding fluid. Here, a soft artificial muscle is presented, which uses the biofuel glucose in the presence of oxygen. Glucose oxidase and laccase enzymes integrated in the actuator catalytically convert glucose and oxygen into electrical power that in turn is converted into movement by the electroactive polymer polypyrrole causing the actuator to bend. The integrated bioelectrode pair shows a maximum open-circuit voltage of 0.70 ± 0.04 V at room temperature and a maximum power density of 0.27 µW cm-2 at 0.50 V, sufficient to drive an external polypyrrole-based trilayer artificial muscle. Next, the enzymes are fully integrated into the artificial muscle, resulting in an autonomously powered actuator that can bend reversibly in both directions driven by glucose and O2 only. This autonomously powered artificial muscle can be of great interest for soft (micro-)robotics and implantable or ingestible medical devices manoeuvring throughout the body, for devices in regenerative medicine, wearables, and environmental monitoring devices operating autonomously in aqueous environments.'], 'Artificial Muscles Powered by Glucose.')",electroactive_polymers
"(['A novel polythienylenevinylene (PTV) and two new polythiophenes (PTs), featuring fused tetrathiafulvalene (TTF) units, have been prepared and characterized by ultraviolet-visible (UV-vis) and electron paramagnetic resonance (EPR) spectroelectrochemistry. All polymers undergo two sequential, reversible oxidation processes in solution. Structures in which the TTF species is directly linked to the polymer backbone (2 and 4) display redox behavior which is dictated by the fulvalene system. Once the TTF is spatially removed from the polymer chain by a nonconjugated link (polymer 3), the electroactivity of both TTF and polythiophene moieties can be detected. Computational studies confirm the delocalization of charge over both electroactive centers (TTF and PT) and the existence of a triplet dication intermediate. PTV 4 has a low band gap (1.44 eV), is soluble in common organic solvents, and is stable under ambient conditions. Organic solar cells of polymer 4:[6,6]-phenyl-C(61) butyric acid methyl ester (PCBM) have been fabricated. Under illumination, a photovoltaic effect is observed with a power conversion efficiency of 0.13% under AM1.5 solar simulated light. The onset of photocurrent at 850 nm is consistent with the onset of the pi-pi absorption band of the polymer. Remarkably, UV-vis spectroelectrochemistry of polymer 4 reveals that the conjugated polymer chain remains unchanged during the oxidation of the polymer.'], 'Incorporation of fused tetrathiafulvalenes (TTFs) into polythiophene architectures: varying the electroactive dominance of the TTF species in hybrid systems.')",electroactive_polymers
"(['Human body motion can generate a biological electric field and a current, creating a voltage gradient of -10 to -90 mV across cell membranes. In turn, this gradient triggers cells to transmit signals that alter cell proliferation and differentiation. Several cell types, counting osteoblasts, neurons and cardiomyocytes, are relatively sensitive to electrical signal stimulation. Employment of electrical signals in modulating cell proliferation and differentiation inspires us to use the electroactive polymers to achieve electrical stimulation for repairing impaired tissues. Electroactive polymers have found numerous applications in biomedicine due to their capability in effectively delivering electrical signals to the seeded cells, such as biosensing, tissue regeneration, drug delivery, and biomedical implants. Here we will summarize the electrical characteristics of electroactive polymers, which enables them to electrically influence cellular function and behavior, including conducting polymers, piezoelectric polymers, and polyelectrolyte gels. We will also discuss the biological response to these electroactive polymers under electrical stimulation. In particular, we focus this review on their applications in regenerating different tissues, including bone, nerve, heart muscle, cartilage and skin. Additionally, we discuss the challenges in tissue regeneration applications of electroactive polymers. We conclude that electroactive polymers have a great potential as regenerative biomaterials, due to their ability to stimulate desirable outcomes in various electrically responsive cells.'], 'Electroactive polymers for tissue regeneration: Developments and perspectives.')",electroactive_polymers
"(['The effect of metal complexation on the structure and properties of the electroactive bis(1-methylthioimidazolyl)methane linkage isomers CH2(N-tim)2 (L1) and CH2(S-tim)2 (L2) has been explored. Coordination polymers {[Ag(L1)2]X}n (X = BF4, PF6) are formed by bridging L1 between tetrahedral silver centers giving two-dimensional cationic sheets composed of AgS(4) linkages; the anions are sandwiched between sheets. Cyclic dimers {[Ag2(L2)2]X2} (X = BF4, PF6, OSO2CF3) are formed when L2:AgX ratios are lower than 1.5. When L2:AgPF6 was 1.5 or higher, the complex [Ag4(L2)5](PF5)4 could be isolated as a solvate. The NMR, IR, electrochemical, and ESI+ mass spectral data of this latter compound indicate that extensive dissociation to the cyclic dimer and free ligand occurs in solution. Finally, a Cambridge Structural Database search was performed to provide insight into reasonable silver-sulfur bond distances, since literature values appeared to vary widely between 2.3 and 3.2 A. It was found that these distances increase with increasing coordination number of silver. The average distances for 2-, 3-, 4-, 5-, and 6-coordinate silver were found to be 2.40, 2.52, 2.62, 2.70, and 2.75 A, respectively.'], 'Anion- and solvent-directed assembly in silver bis(thioimidazolyl)methane chemistry and the silver-sulfur interaction.')",electroactive_polymers
"(['This paper describes the preparation, physical properties, and electric bending actuation of a new class of active materials-ionic liquid crystal elastomers (iLCEs). It is demonstrated that iLCEs can be actuated by low-frequency AC or DC voltages of less than 1 V. The bending strains of the unoptimized first iLCEs are already comparable to the well-developed ionic electroactive polymers. Additionally, iLCEs exhibit several novel and superior features, such as the alignment that increases the performance of actuation, the possibility of preprogrammed actuation patterns at the level of the cross-linking process, and dual (thermal and electric) actuations in hybrid samples. Since liquid crystal elastomers are also sensitive to magnetic fields and can also be light sensitive, iLCEs have far-reaching potentials toward multiresponsive actuations that may have so far unmatched properties in soft robotics, sensing, and biomedical applications.'], 'Electroresponsive Ionic Liquid Crystal Elastomers.')",electroactive_polymers
"(['A novel aniline tetramer (AT) capped electroactive imide oligomer (EIO) for metal corrosion protection was successfully synthesized in this study. The chemical structure of the EIO was characterized by liquid chromatography-mass spectrometry and Fourier-transform infrared spectroscopy. Furthermore, the redox behavior of EIO was identified using electrochemical cyclic voltammetry studies. An EIO coated on a cold-rolled steel (CRS) electrode was found to possess superior corrosion resistance to polyimide (PI) on a series of electrochemical corrosion measurements in 3.5 wt.% NaCl solution over an extended period (30 days). The mechanism for the advanced corrosion protection of the PI coating on the CRS electrode could be attributed to the redox catalytic capabilities of the AT units present in the EIO. These capabilities may induce the formation of passive metal oxide layers on the CRS electrode. Scanning electron microscopy and X-ray photoelectron spectroscopy were used to analyze the surface condition of the CRS after the corrosion test. EIO- and PI-coated electrodes were identified by a series of electrochemical measurements, including corrosion potential (Ecorr), polarization resistance (Rp), and corrosion current (Icorr) measurements, along with electrochemical impedance spectroscopy (EIS).'], 'A Novel Electroactive Imide Oligomer and Its Application in Anticorrosion Coating.')",electroactive_polymers
"(['Single-stranded DNA (aptamer) can specifically bind potassium ions or human alpha-thrombin. When binding takes place, the aptamer undergoes a conformational transition from an unfolded to a folded structure. This conformational change of the negatively charged oligonucleotide can be detected by adding a water-soluble, cationic polythiophene derivative, which transduces the new complex formation into an optical (colorimetric or fluorometric) signal without any labeling of the probe or of the target. This simple and rapid methodology has enabled the detection of human thrombin in the femtomole range. This new biophotonic tool can easily be applied to the detection of various other proteins as well as being useful in the high-throughput screening of new drugs.'], 'Optical sensors based on hybrid aptamer/conjugated polymer complexes.')",electroactive_polymers
"(['Adenosine is a neuromodulator that regulates neurotransmission. Adenosine can be monitored using fast-scan cyclic voltammetry at carbon-fiber microelectrodes and ATP is a possible interferent in vivo because the electroactive moiety, adenine, is the same for both molecules. In this study, we investigated carbon-fiber microelectrodes coated with Nafion and carbon nanotubes (CNTs) to enhance the sensitivity of adenosine and decrease interference by ATP. Electrodes coated in 0.05 mg mL(-1) CNTs in Nafion had a 4.2 ± 0.2 fold increase in current for adenosine, twice as large as for Nafion alone. Nafion-CNT electrodes were 6 times more sensitive to adenosine than ATP. The Nafion-CNT coating did not slow the temporal response of the electrode. Comparing different purine bases shows that the presence of an amine group enhances sensitivity and that purines with carbonyl groups, such as guanine and hypoxanthine, do not have as great an enhancement after Nafion-CNT coating. The ribose group provides additional sensitivity enhancement for adenosine over adenine. The Nafion-CNT modified electrodes exhibited significantly more current for adenosine than ATP in brain slices. Therefore, Nafion-CNT modified electrodes are useful for sensitive, selective detection of adenosine in biological samples.'], 'Nafion-CNT coated carbon-fiber microelectrodes for enhanced detection of adenosine.')",electroactive_polymers
"(['This research paper presents a new application of electroactive polyimide doped with gold nanoparticles (PI/AuNPs) as a chemiresistor sensor for detecting hydrogen sulfide gas. The synthesis of PI/AuNPs was done in a simple 3-step process of polymerization using the as prepared amine-capped aniline trimer (ACAT), followed by imidization, and doping. Spectral analyses via FTIR, LC-MS and 1H-NMR confirmed the formation of amine-capped aniline trimer with a MW of 288 g mol-1. Comparison of ACAT, BSAA, and PI FTIR spectra showed successful polymerization of the last, while XRD validated the incorporation of metal nanoparticles onto the polymer matrix, showing characteristic diffraction peaks corresponding to gold. Furthermore, TEM, and FE-SEM revealed the presence of well-dispersed Au nanoparticles with an average diameter of about 60 nm. The electroactive PI/AuNPs-based sensor showed a sensitivity of 0.29% ppm-1 H2S at a linear concentration range of 50 to 300 ppm H2S (r = 0.9777). The theoretical limit of detection was found at 0.142 ppm or 142 ppb H2S gas. The sensor provided a stable response reading at an average response time of 43 ± 5 s, which was easily recovered after an average time of 99 ± 5 s. The sensor response was highly repeatable and reversible, with RSD values of 8.88%, and 8.60%, respectively. Compared with the performance of the conventional conducting polyaniline also doped with gold nanoparticles (PANI/AuNPs), the fabricated electroactive PI/AuNPs exhibited improved sensing performance making it a potential candidate in monitoring H2S in the environment and for work-related safety.'], 'A Novel Application of Electroactive Polyimide Doped with Gold Nanoparticles: As a Chemiresistor Sensor for Hydrogen Sulfide Gas.')",electroactive_polymers
"(['A novel poly(amic acid) with pendant aniline tetramer and sulfonic acid groups (ESPAA) was synthesized by ternary polymerization and characterized by Fourier-transform infrared spectra, ((1))H NMR and gel permeation chromatography. The polymer showed good thermal stability and excellent solubility in the common organic solvents. The electrochemical properties were investigated carefully on a CHI 660A Electrochemical Workstation. The polymer displayed good electroactivity in acid, neutral and even in alkaline solutions (pH=1-10) due to the self-doping effect between aniline tetramer and sulfonic/carboxylic acid groups. It also exhibited satisfactory electrochromic performance with high contrast value, acceptable coloration efficiency and fast switching time in the range of pH=1-9.'], 'Electroactive self-doped poly(amic acid) with oligoaniline and sulfonic acid groups: synthesis and electrochemical properties.')",electroactive_polymers
"(['Seven membrane-selective electrodes with PVC matrix and liquid-membrane for N-butylscopolamine with different electroactive materials are presented. These electrodes have a linear response in the concentration range of 10(-6) - 10(-2) M N-butylscopolamine bromide, with a detection limit between 4.58 x 10(-7)M and 1.09 x 10(-6)M. These electrodes were used with good results for quantitative assay by direct potentiometry and potentiometric titration of N-butylscopolamine bromide from pharmaceutical formulations. Recovery was between 95.50% and 99.20% for N-butylscopolamine bromide of injectable solutions.'], '[Membrane-selective electrodes for drug analysis. Note II].')",electroactive_polymers
"(['Focus tunable, adaptive lenses provide several advantages over traditional lens assemblies in terms of compactness, cost, efficiency, and flexibility. To further improve the simplicity and compact nature of adaptive lenses, we present an elastomer-liquid lens system which makes use of an inline, transparent electroactive polymer actuator. The lens requires only a minimal number of components: a frame, a passive membrane, a dielectric elastomer actuator membrane, and a clear liquid. The focal length variation was recorded to be greater than 100% with this system, responding in less than one second. Through the analysis of membrane deformation within geometrical constraints, it is shown that by selecting appropriate lens dimensions, even larger focusing dynamic ranges can be achieved.'], 'Tunable lenses using transparent dielectric elastomer actuators.')",electroactive_polymers
"(['The construction and electrochemical response characteristics of poly(vinyl chloride) matrix ion-selective electrodes (ISEs) for dextromethorphan (DXM) hydrobromide are described. The membranes incorporate ion-association complexes of DXM with reineckate salt {[Cr(NH3)2(SCN)4]NH4} or phosphomolybdic acid [H3(PMo12O40)], as electroactive materials and dioctylphthalate or dibutylsebacate as a plasticizing solvent mediator. The sensors display a fast, stable and linear response with slopes of 54.4 to 59.5 mV/decade at pH 2.5-6.5 and a detection limit of 1.0 x 10(-6) M. Moreover, the sensors exhibit very good selectivity for DXM over opiate alkaloids, as well as organic and inorganic cations. The sensors proved to be useful for the determination of 5.0 x 10(-5)-1.0 x 10(-3) M DXM hydrobromide in pure as well as in dosage forms by direct potentiometry and standard addition methods. Determination of 5.0 x 10(-4) M DXM using the standard addition method and a sensor based on phosphomolybdate and dioctylphthalate shows an average recovery of 99.8% and a relative standard deviation (RSD) of 0.4%.'], 'Polymeric membrane sensors for the selective determination of dextromethorphan in pharmaceutical preparations.')",electroactive_polymers
"(['Conducting polymers have the combined advantages of metal conductivity with ease in processing and biocompatibility; making them extremely versatile for biosensor and tissue engineering applications. However, the inherent brittle property of conducting polymers limits their direct use in such applications which generally warrant soft and flexible material responses. Addition of fillers increases the material compliance, but is achieved at the cost of reduced electrical conductivity. To retain suitable conductivity without compromising the mechanical properties, we fabricate an electroactive blend (dPEDOT) using low grade PEDOT:PSS as the base conducting polymer with polyvinyl alcohol as filler and glycerol as a dopant. Bulk dPEDOT films show a thermally stable response till 110 °C with over seven fold increase in room temperature conductivity as compared to 0.002 S cm-1 for pristine PEDOT:PSS. We characterize the nonlinear stress-strain response of dPEDOT, well described using a Mooney-Rivlin hyperelastic model, and report elastomer-like moduli with ductility ∼ fives times its original length. Dynamic mechanical analysis shows constant storage moduli over a large range of frequencies with corresponding linear increase in tan(δ). We relate the enhanced performance of dPEDOT with the underlying structural constituents using FTIR and AFM microscopy. These data demonstrate specific interactions between individual components of dPEDOT, and their effect on surface topography and material properties. Finally, we show biocompatibility of dPEDOT using fibroblasts that have comparable cell morphologies and viability as the control, which make dPEDOT attractive as a biomaterial.'], 'Fabrication of a novel biomaterial with enhanced mechanical and conducting properties.')",electroactive_polymers
"(['This work reports the development of a composite of the ionic liquid 1-butyl-3-methylimidazolium tetrafluoroborate ([BMIM]BP₄) and chitosan (CS) described in previous reports through a new method using cyclic voltammetry with 10 cycles at a scan rate of 50.0 mV s-1. This method is different from usual methods such as casting, deposition, and constant potential, and it allows the development of an electroactive surface toward the oxidation of rutin by stripping voltammetry applied to the detection in tropical fruits such as orange, lemon, and agraz (Vaccinium meridionale Swartz), with results similar to those reported in previous studies. In addition, the surface was characterized by electrochemical impedance spectroscopy (EIS), scanning electron microscopy (SEM), and Raman spectroscopy. The limit of detection was 0.07 µmol L-1 and the relative standard deviation (RSD) of 10 measurements using the same modified electrode was 0.86%. Moreover, the stability of the sensor was studied for six days using the same modified electrode, where the variation of the signal using a known concentration of rutin (RT) was found to be less than 5.0%. The method was validated using a urine chemistry control spiked with known amounts of RT and possible interference was studied using ten substances including organic and biological compounds, metal ions, and dyes. The results obtained in this study demonstrated that this electrodeveloped composite was sensitive, selective, and stable.'], 'Electrocomposite Developed with Chitosan and Ionic Liquids Using Screen-Printed Carbon Electrodes Useful to Detect Rutin in Tropical Fruits.')",electroactive_polymers
"([""[structure: see text] New and facile synthesis of symmetric diindolocarbazoles was developed using the copper-catalyzed Ullmann reaction. The key step is a double-intramolecular cyclization reaction realized on N-alkyl-3,6-dibromo-2,7-bis(2'aminophenyl)carbazole derivatives which offers the desired symmetric ladder oligo(p-aniline)s. Depending upon the nature of the side- and/or end-groups, well-defined thin films and/or semiladder polymers could be obtained. These electroactive ladder oligomers may have great potential in organic electronics.""], 'Synthesis of diindolocarbazoles by Ullmann reaction: a rapid route to ladder oligo(p-aniline)s.')",electroactive_polymers
"(['Comparison of the stability of five plant peroxidases (horseradish, royal palm tree leaf, soybean, and cationic and anionic peanut peroxidases) was carried out under acidic conditions favorable for synthesis of polyelectrolyte complexes of polyaniline (PANI). It demonstrates that palm tree peroxidase has the highest stability. Using this peroxidase as a catalyst, the enzymatic synthesis of polyelectrolyte complexes of PANI and poly(2-acrylamido-3-methyl-1-propanesulfonic acid) (PAMPS) was developed. The template polymerization of aniline was carried out in aqueous buffer at pH 2.8. Varying the concentrations of aniline, PAMPS, and hydrogen peroxide as reagents, favorable conditions for production of PANI were determined. UV-vis-NIR absorption and EPR demonstrated that PAMPS and PANI formed the electroactive complex similar to PANI doped traditionally using low molecular weight sulfonic acids. The effect of pH on conformational variability of the complex was evaluated by UV-vis spectroscopy. Atomic force microscopy showed that a size of the particles of the PANI-PAMPS complexes varied between 10 and 25 nm, depending on a concentration of PAMPS in the complex. The dc conductivity of the complexes depends also on the content of PAMPS, the higher conductivity being for the complexes containing the lower content of the polymeric template.'], 'Synthesis of conducting polyelectrolyte complexes of polyaniline and poly(2-acrylamido-3-methyl-1-propanesulfonic acid) catalyzed by pH-stable palm tree peroxidase.')",electroactive_polymers
"(['This paper reports the electrochemical modification of pencil carbon graphite electrodes with a polymeric material derived from 4-mercaptobenzoic acid. Acidic solutions (pH 0 and 5.02) yielded an insulating polymeric film with anionic permselective properties. Scanning Electron Microscopy (SEM) analysis showed a complete coverage of the carbon graphite electrodes with a laminar-like polymeric structure. Different characterization studies indicate that the carboxyl group remained unchanged since the absorbance peak and oxidation potential did not change with the increase in pH at the pKa accounting for the carboxyl/carboxylate redox transition. The functionalized matrix was activated using carbodiimide, succinimide and an amine-modified oligonucleotide. The immobilization and hybridization processes were successfully verified using the redox electroactive indicator methylene blue, where better electrochemical signals were obtained when compared with the traditional self-assembled monolayer system. The selectivity of the system was verified using a noncomplementary target where no significant difference in electric current was observed when compared to the system containing only the probe. The method showed a good linear correlation coefficient (r2=0.9915), low limit of detection (1.17nmolL-1), and an acceptable precision (RSD=2.75%). The proposed method is suitable for further studies using different sequences of oligonucleotides.'], 'Synthesis and characterization of a material derived from 4-mercaptobenzoic acid: A novel platform for oligonucleotide immobilization.')",electroactive_polymers
"(['The construction of dual mode sensor has gained tremendous attention due to its high accuracy and sensitivity compared with a single-response system. Herein, a novel dual mode sensing platform based on a 3-dimensional (3D) ZnCdS/ZnIn2S4 double-shelled dodecahedral cages (DSDCs) is fabricated as the electrochemical (EC) - photoelectrochemical (PEC) multifunctional signal amplification matrix for the highly selective detection of bovine hemoglobin (BHb). To achieve simple and fast detection of BHb, Au@Cu2O and SnO2/SnS2 are acted as EC - PEC signal indicators, respectively. More interestingly, the electroactive Au@Cu2O and photoactive SnO2/SnS2 are assembled on the 3D ZnCdS/ZnIn2S4 DSDCs, which could effectively increase the electron transfer process, consequently amplifying the readout of the dual mode responses. Besides, polydopamine (PDA) is used as a monomer for protein imprinting. Under the optimized conditions, the dual mode sensor exhibits a wide linear concentration range from 10-19\xa0mg\xa0mL-1 to 10-1\xa0mg\xa0mL-1 with a low detection limit 6.5\xa0×\xa010-20\xa0mg\xa0mL-1. Furthermore, the excellent selectivity, stability and acceptable reproducibility of the designed sensor will offer an alternation for the detection of other biomacromolecules in clinic diagnosis field.'], '3D ZnIn2S4 nanosheets decorated ZnCdS dodecahedral cages as multifunctional signal amplification matrix combined with electroactive/photoactive materials for dual mode electrochemical - photoelectrochemical detection of bovine hemoglobin.')",electroactive_polymers
"(['The recent discovery of electroactive polymers has shown great promises in the field of soft robotics and was logically followed by experimental, numerical, and theoretical developments. Most of these studies were concerned with systems entirely covered by electrodes. However, there is a growing interest for partially active polymers, in which the electrode covers only one part of the membrane. Indeed, such actuation can trigger buckling instabilities and so represents a route toward the control of three-dimensional shapes. Here, we study theoretically the behavior of such partially active electroactive polymer. We address two problems: (1) the electrostatic elastica including geometric nonlinearities and partially electroactive strip using a variational approach. We propose a new interpretation of the equations of deformation, by drawing analogies with biological growth, in which the effect of the electric voltage is seen as a change in the reference stress-free state. (2) We explain the nature of the distribution of electrostatic forces on this simple system, which is not trivial. In particular, we find that edge effects are playing a major role in this problem.'], 'Mechanics and Energetics of Electromembranes.')",electroactive_polymers
"(['Electroactive materials that change shape in response to electrical stimulation can serve as actuators. Electroactive actuators of this type have great utility in a variety of technologies, including biomimetic artificial muscles, robotics, and sensors. Electroactive actuators developed to date often suffer from problems associated with the need to use electrolytes, slow response times, high driving voltages, and short cycle lifetimes. Herein, we report an electrolyte-free, single component, polymer electroactive actuator, which has a fast response time, high durability, and requires a low driving voltage (<5 V). The process employed for production of this material involves wet-spinning of a preorganized camphorsulfonic acid (CSA)-doped polyaniline (PANI) gel, which generates long, flexible, and conductive (∼270 S/cm) microfibers. Reversible bending motions take place upon application of an alternating current (AC) to the PANI polymer. This motion, promoted by a significantly low driving voltage (<0.5 V) in the presence of an external magnetic field, has a very large swinging speed (9000 swings/min) that lies in the range of those of flies and bees (1000-15000 swings/min) and is fatigue-resistant (>1000000 cycles).'], 'An Electrolyte-Free Conducting Polymer Actuator that Displays Electrothermal Bending and Flapping Wing Motions under a Magnetic Field.')",electroactive_polymers
"(['Poly(vinylchloride) (PVC) is the most common polymer matrix used in the fabrication of ion-selective electrodes (ISEs). However, the surfaces of PVC-based sensors have been reported to show membrane instability. In an attempt to overcome this limitation, here we developed two alternative methods for the preparation of highly stable and robust ion-selective sensors. These platforms are based on the selective electropolymerization of poly(3,4-ethylenedioxythiophene) (PEDOT), where the sulfur atoms contained in the polymer covalently interact with the gold electrode, also permitting controlled selective attachment on a miniaturized electrode in an array format. This platform sensor was improved with the crosslinking of the membrane compounds with poly(ethyleneglycol) diglycidyl ether (PEG), thus also increasing the biocompatibility of the sensor. The resulting ISE membranes showed faster signal stabilization of the sensor response compared with that of the PVC matrix and also better reproducibility and stability, thus making these platforms highly suitable candidates for the manufacture of robust implantable sensors.'], 'Miniaturizable ion-selective arrays based on highly stable polymer membranes for biomedical applications.')",pedot_electrodes
"(['Neural prostheses require chronically implanted small area penetrating electrode arrays that can stimulate and record neural activity. The fundamental requirement of neural electrodes is to have low interface impedance and large charge injection capacity (CIC). To achieve this fundamental requirement, we developed a novel technique to modify the surface of the Utah Electrode Array (UEA) to increase the real surface area without changing the geometrical surface area. Pt was coated on modified and unmodified (control) UEAs and electrochemical characterization such as impedance and CIC was measured and compared. The surface modified electrode impedance and CIC was ∼188 Ohm and ∼24 mC/cm(2) respectively. Increasing the real surface area of electrodes decreases the impedance by 1000 times and increases the CIC by 80 times compared to the control samples. The CIC of modified UEA was significantly higher than of any material reported in the literature, higher than sputtered iridium oxide (4 mC/cm(2)) or PEDOT (15 mC/cm(2)).'], 'A novel technique for increasing charge injection capacity of neural electrodes for efficacious and safe neural stimulation.')",pedot_electrodes
"(['Penetrating into the inner surface of porous metal-oxide nanostructures to encapsulate the conductive layer is an efficient but challenging route to exploit high-performance lithium-ion battery electrodes. Furthermore, if the bonding force on the interface between the core and shell was enhanced, the structure and cyclic performance of the electrodes will be greatly improved. Here, vertically aligned interpenetrating encapsulation composite nanoframeworks were assembled from Cl-/SO32--codoped poly(3,4-ethylenedioxythiophene) (PEDOT) that interpenetrated and coated on porous Fe2O3 nanoframeworks (PEDOT-IE-Fe2O3) via a one-step Fe3+-induced in situ growth strategy. Compared with conventional wrapped structures and methods, the special PEDOT-IE-Fe2O3 encapsulation structure has many advantages. First, the codoped PEDOT shell ensures a high conductive network in the composites (100.6 S cm-1) and provides interpenetrating fast ion/electron transport pathways on the inner and outer surface of a single composite unit. Additionally, the pores inside offer void space to buffer the volume expansion of the nanoscale frameworks in cycling processes. In particular, the formation of Fe-S bonds on the organic-inorganic interface (between PEDOT shell and Fe2O3 core) enhances the structural stability and further extends the cell cycle life. The PEDOT-IE-Fe2O3 was applied as lithium-ion battery anodes, which exhibit excellent lithium storage capability and cycling stability. The capacity was as high as 1096 mA h g-1 at 0.05 A g-1, excellent rate capability, and a long and stable cycle process with a capacity retention of 89% (791 mA h g-1) after 1000 cycles (2 A g-1). We demonstrate a novel interpenetrating encapsulation structure to highly enhance the electrochemical performance of metal-oxide nanostructures, especially the cycling stability, and provide new insights for designing electrochemical energy storage materials.'], 'Cl-/SO32--Codoped Poly(3,4-ethylenedioxythiophene) That Interpenetrates and Encapsulates Porous Fe2O3 To Form Composite Nanoframeworks for Stable Lithium-Ion Batteries.')",pedot_electrodes
"(['Inorganic/organic hybrid radial heterojunction solar cells that combine vertically-aligned n-type silicon nanowires (SiNWs) with poly(3,4-ethylenedioxythiophene):poly(styrene-sulfonate) (PEDOT:PSS) have great potential for replacing commercial Si solar cells. The chief advantage of such solar cells is that they exhibit higher absorbance for a given thickness than commercial Si solar cells, due to incident light-trapping within the NW arrays, thus enabling lower-cost solar cell production. We report herein on the effects of NW length, annealing and surface electrode on the device performance of SiNW/PEDOT:PSS hybrid radial heterojunction solar cells. The power conversion efficiency (PCE) of the obtained SiNW/PEDOT:PSS hybrid solar cells can be optimized by tuning the thickness of the surface electrode, and the etching conditions during NW formation and post-annealing. The PCE of 9.3% is obtained by forming efficient transport pathways for photogenerated charge carriers to electrodes. Our approach is a significant contribution to design of high-performance and low-cost inorganic/organic hybrid heterojunction solar cells.'], 'Inorganic/organic hybrid solar cells: optimal carrier transport in vertically aligned silicon nanowire arrays.')",pedot_electrodes
"(['This work describes a novel and disruptive electrochemical biosensing device that is self-powered by light and self-signalled by an optical readout. Electrical energy requirements are ensured by a photovoltaic cell that is a dye sensitized solar cell (DSSC), in which one of the electrodes is the biosensing unit. The readout converts electrical energy into colour by an electrochromic cell and signals the concentration dependent event. This device was designed to target a cancer biomarker, cancinoembryonic antigen (CEA). In brief, the sensing unit was assembled on a conductive glass substrate with a highly conductive poly(3,4-ethylenedioxythiophene) (PEDOT) layer, using a molecularly-imprinted polymer of polypyrrol (PPy) as biorecognition element. This sensing unit acted as the counter electrode (CE) of the DSSC, generating a hybrid device with a maximum power conversion efficiency of 3.45% for a photoanode area of 0.7\u202fcm2. The hybrid DSSC/biosensor had an electrical output that was CEA concentration dependent from 100\u202fng/mL to 100 μg/mL, with a limit detection of 0.14\u202fng/mL in human urine samples. The electrochromic cell consisted of a PEDOT-based material and showed a colour gradient change for CEA concentrations, ranging from 0.1\u202fng/mL to 100 μg/mL. Overall, this self-powered and self-signalled set-up is equipment free and particularly suitable for point-of-care analysis (POC), being able to screen CEA in real samples and differentiating critical concentrations for establishing a diagnosis. It holds the potential to provide clinical relevant data anywhere, in a fully independent manner.'], 'Self-powered and self-signalled autonomous electrochemical biosensor applied to cancinoembryonic antigen determination.')",pedot_electrodes
"(['Ponceau 4R, an edible synthetic colorant used in drinks, syrups, and sweets, has been successfully detected using differential pulse voltammetry at a single-walled carbon nanotubes-modified composite electrode based on poly(3,4-ethylenedioxythiophene):poly(styrene sulfonate) and two derivatives thereof. The electrochemical parameters of three Ponceau 4R sensors, such as pH value, pre-concentration time, and scan rate, have been optimized, and their electrochemical performances have been compared. A poly(acrylate-modified 3,4-ethylenedioxythiophene-co-3,4-ethylenedioxythiophene):poly(styrene sulfonate)-single-walled carbon nanotubes-poly(vinyl alcohol)-modified electrode showed the best electrocatalytic activity, with the highest response current, lowest detection limit (1.8 nm), widest linear range (0.0055-110.6 μm), and best sensing stability. Additionally, the modified electrode has also been successfully employed for real sample analysis with soft drinks. Satisfactory results were obtained, demonstrating this to be an easy and effective approach for trace analysis of Ponceau 4R in food samples.'], 'Trace analysis of Ponceau 4R in soft drinks using differential pulse stripping voltammetry at SWCNTs composite electrodes based on PEDOT:PSS derivatives.')",pedot_electrodes
"(['Organic electrochemical transistors (OECTs) based on poly(3,4-ethylenedioxythiophene):poly(styrene sulfonic acid) (PEDOT:PSS) with different gate electrodes, including graphite, Au and Pt electrode, etc., have been used as dopamine sensor for the first time. The sensitivity of the OECT to dopamine depends on its gate electrode and operation voltage. We find that the device with a Pt gate electrode characterized at the gate voltage of 0.6 V shows the highest sensitivity. The detection limit of the device to dopamine is lower than 5 nM, which is one order of magnitude better than a conventional electrochemical measurement with the same Pt electrode. It is expected that OECT is a good candidate for low cost and highly sensitive biosensor for the detection of dopamine.'], 'Highly sensitive dopamine biosensors based on organic electrochemical transistors.')",pedot_electrodes
"(['In this paper, multi-walled carbon nanotube (MWCNT) ink was selectively patterned by inkjet printing on substrates to form conductive traces and electrodes for interconnection application. MWCNT was firstly functionalized using concentrated acid and dispersed in deionized water to form a colloidal solution. Various concentrations of MWCNT were formulated to test the stability of the solution. The printability of the MWCNT ink was examined against printing temperature, ink concentration and ink droplet pitch. Rheological properties of the ink were determined by rheometer and sessile drop method. The electrical conductivity of the MWCNT pattern was measured against multiple printing of MWCNT on the same pattern (up to 10 layers). While single layer printing pattern exhibited highest resistance, the CNT entangled together and formed a random network with more printed layers has higher conductivity. The electrical properties of the printed film was compared to a composite ink of CNT and conducting polymer (CNT ink was mixed with conductive polymer solution, Poly(3,4-ethylenedioxythiophene)-Poly(styrenesulfonate) (PEDOT:PSS)). Scanning electron microscopy (SEM) was used to observe the surface structure and atomic force microscopy (AFM) was used to study the morphology of the printed film under different conditions.'], 'Inkjet printing of multi-walled carbon nanotube/polymer composite thin film for interconnection.')",pedot_electrodes
"(['The conductive blend of the poly (3,4-ethylene dioxythiophene) and polystyrene sulfonated acid (PEDOT-PSS) polymers were doped with Methyl Red (MR) dye in the acid form and were used as the basis for a chemiresistor sensor for detection of ethanol vapor. This Au | Polymers-dye blend | Au device was manufactured by chemical vapor deposition and spin-coating, the first for deposition of the metal electrodes onto a glass substrate, and the second for preparation of the organic thin film forming ∼1.0 mm2 of active area. The results obtained are the following: (i) electrical resistance dependence with atmospheres containing ethanol vapor carried by nitrogen gas and humidity; (ii) sensitivity at 1.15 for limit detection of 26.25 ppm analyte and an operating temperature of 25 °C; and (iii) the sensing process is quickly reversible and shows very a low power consumption of 20 μW. The thin film morphology of ∼200 nm thickness was analyzed by Atomic Force Microscopy (AFM), where it was observed to have a peculiarly granulometric surface favorable to adsorption. This work indicates that PEDOT-PSS doped with MR dye to compose blend film shows good performance like resistive sensor.'], 'Development of a chemiresistor sensor based on polymers-dye blend for detection of ethanol vapor.')",pedot_electrodes
"(['Herein we report the use of scanning electrochemical microscopy (SECM) together with electrochemical and spectroscopic techniques to develop and characterise a stable and uniformly reactive chemically modified platinum electrode for NADH electrocatalysis. In order to achieve this, a range of different approaches for thionine entrapment within an electropolymerised poly (3,4-ethylendioxythiophene) (PEDOT) film were evaluated using SECM imaging in the presence of NADH, demonstrating the uniformity of the reactive layer towards NADH oxidation. The effect of electrolyte type and time scale employed during PEDOT electropolymerisation was examined with respect to thionine loading and the resulting charge transport diffusion coefficient (DCT) estimated via chronoamperometry. These studies indicated a decrease in DCT as thionine loading increased within the PEDOT film, suggesting that charge transport was diffusion limited within the film. Additionally, thionine functionalised nanotubes were formed, providing a stable support for lactate dehydrogenase entrapment while lowering the rate of thionine leaching, determined via SECM imaging. This enabled lactate determination at Eapp\u202f=\u202f0.0\u202fV vs Ag/AgCl over the range 0.25-5\u202fmM in the presence of 1\u202fmM NAD+.'], 'Scanning electrochemical microscopy imaging of poly (3,4-ethylendioxythiophene)/thionine electrodes for lactate detection via NADH electrocatalysis.')",pedot_electrodes
"(['The use of DMSO-doped poly (3,4-ethylenedioxythiophene):poly (4-styrenesulfonate) ('], 'Super terahertz transparent electrodes.')",pedot_electrodes
"(['Electrodes coated with poly(3,4-ethylenedioxythiophene):polystyrene sulfonate (PEDOT:PSS) have been employed to measure the integrity of cellular barriers. However, a systematic experimental study of the correlation between tissue integrity and impedance of the sensing device has not yet been conducted. Using impedance spectroscopy, how the impedance ratio of the biological tissue to the recording device affects the recording ability of the latter is investigated. PEDOT:PSS-coated electrodes of various dimensions are employed and the effect of their size to their sensing efficiency is examined. The biotic/abiotic ensemble is modeled with a simple equivalent circuit and an analytical expression of the total impedance as a function of frequency is extracted. The results reveal a critical impedance ratio of the biological tissue to the sensor which allows for efficient sensing of the tissue integrity. This work provides the ground rules for improved impedance-based biosensors with optimized sensitivity.'], 'Probing the Impedance of a Biological Tissue with PEDOT:PSS-Coated Metal Electrodes: Effect of Electrode Size on Sensing Efficiency.')",pedot_electrodes
"(['Cortical neural prostheses require chronically implanted small-area microelectrode arrays that simultaneously record and stimulate neural activity. It is necessary to develop new materials with low interface impedance and large charge transfer capacity for this application and we explore the use of conducting polymer poly(3,4-ethylenedioxythiophene) (PEDOT) for the same. We subjected PEDOT coated electrodes to voltage cycling between -0.6 and 0.8 V, 24 h continuous biphasic stimulation at 3 mC/cm² and accelerated aging for four weeks. Characterization was performed using cyclic voltammetry, electrochemical impedance spectroscopy, and voltage transient measurements. We found that PEDOT coated electrodes showed a charge injection limit 15 times higher than Platinum Iridium (PtIr) electrodes and electroplated Iridium Oxide (IrOx) electrodes when using constant current stimulation at zero voltage bias. In vivo chronic testing of microelectrode arrays implanted in rat cortex revealed that PEDOT coated electrodes show higher signal-to-noise recordings and superior charge injection compared to PtIr electrodes.'], 'In vitro and in vivo evaluation of PEDOT microelectrodes for neural stimulation and recording.')",pedot_electrodes
"([""A novel approach to fabricate supercapacitors (SCs) via vapor printing, specifically oxidative chemical vapor deposition (oCVD), is demonstrated. Compared to stacking multiple layers into a SC, this method enables the monolithic integration of all components into a single-sheet substrate, minimizing the inactive materials and eliminating the possibility of multilayer delamination. Electrodes comprised of pseudocapacitive material, poly(3,4-ethylenedioxythiophene) (PEDOT), are deposited into both sides of a sheet of flexible porous substrate. The film deposition and patterning are achieved in a single step. The oCVD PEDOT penetrates partially into the porous substrate from both surfaces, while leaving the interior of the substrate serving as a separator. Near the surface, the PEDOT coating conforms to the substrate's structure without blocking the pores, resembling the substrate's intrinsic morphology with high surface area. The porously structured PEDOT coating, paired with in situ ion gel electrolyte synthesis, gives enhanced electrode-electrolyte interfaces. The monolithic device demonstrates high volumetric capacitance (11.3 F cm-3 ), energy density (2.98 mWh cm-3 ), and power density (0.42 W cm-3 ). These outstanding performance metrics are attributed to the large loading of active materials, minimization of inactive materials, and good electrode-electrolyte interfaces. SC arrays can be printed on a single substrate without the use of wire interconnects.""], 'Monolithic Flexible Supercapacitors Integrated into Single Sheets of Paper and Membrane via Vapor Printing.')",pedot_electrodes
"(['Textile-based dye-sensitized solar cells (DSSCs) can be created by building the necessary layers on a textile fabric or around fibers which are afterwards used to prepare a textile layer, typically by weaving. Another approach is using electrospun nanofiber mats as one or more layers. In this work, electrospun polyacrylonitrile (PAN) nanofiber mats coated by a conductive polymer poly(3,4-ethylenedioxythiopene) polystyrene sulfonate (PEDOT:PSS) were used to produce the counter electrodes for half-textile DSSCs. The obtained efficiencies were comparable with the efficiencies of pure glass-based DSSCs and significantly higher than the efficiencies of DSSCs with cotton based counter electrodes. The efficiency could be further increased by increasing the number of PEDOT:PSS layers on the counter electrode. Additionally, the effect of the post treatment of the conductive layers by HCl, acetic acid, or dimethyl sulfoxide (DMSO) on the DSSC efficiencies was investigated. Only the treatment by HCl resulted in a slight improvement of the energy-conversion efficiency.'], 'Dye-Sensitized Solar Cells with Electrospun Nanofiber Mat-Based Counter Electrodes.')",pedot_electrodes
"(['Optical electrodes are important tools for optogenetic research. Flexible optical electrodes represent a refinement over traditional fiber-based electrodes because they contact with target cells gently by reducing mechanical mismatch, thereby enhancing their long-term, stable signal acquisition capability. Until now, little attention has been paid to flexible intracortical optical electrodes. Here, we reported a novel flexible penetrating optical electrode with a probe made of composite hydrogels. We used polydimethylsiloxane (PDMS), a kind of transparent material, to fabricate waveguide by capillary assembly method with two tungsten wires inside providing mechanic support. Then one tungsten wire was withdrawn out and the microchannel was filled with hydrogel composed of polyvinyl alcohol (PVA), multi-walled carbon nanotubes (MWCNT), poly(3,4-ethylenedioxythiophene) (PEDOT), and polystyrene sulfonate (PSS) as an electrical recording and stimulation probe. With PDMS as the waveguide and PVA/MWCNT/PEDOT/PSS hydrogel as the electroprobe, the optical electrode becomes a flexible package. The morphology observed by scanning electron microscopy showed that the PVA/MWCNT/PEDOT/PSS hydrogel had a loose surface structure, which would allow the effective adhesion to target neurons. A buckling test showed that our electrode maintained bending strength comparable to that of previously reported flexible penetrating electrodes. Finally, the electrical properties showed a lower impedance and higher charge capacity after PEDOT/PSS modification. The flexible penetrating optical electrode we developed may be used for long-term in vivo optogenetics studies.'], 'Polydimethylsiloxane (PDMS)-Based Flexible Optical Electrodes with Conductive Composite Hydrogels Integrated Probe for Optogenetics.')",pedot_electrodes
"(['Hybrids of conducting polymers (CPs) and hydrogels have been explored as soft electroactive coatings for improving the mechanical and electrical performance of metallic implant electrodes. However, hydrogel fabrication methods pose a significant challenge to producing thin (sub-micron) coatings, resulting in bulky implants, which displace a large volume of tissue. To address this issue, polymer brushes of poly(2-hydroxyethyl methacrylate) (pHEMA) were covalently bound to a gold electrode using surface initiated atom-transfer radical-polymerization (SI-ATRP). The CP poly(3,4-ethylene dioxythiophene) (PEDOT) was electropolymersied through the brush layer to form a thin hydrophilic coating. The electrical properties of the hybrid were shown to be superior to homogenous CPs and the surface chemistry was varied as a function of PEDOT deposition time to present a graded composition of pHEMA and PEDOT. The resulting material was shown to support the attachment and differentiation of model neural cells, signifying the potential of these hybrid coatings for bioelectrode applications.'], 'Thin film hydrophilic electroactive polymer coatings for bioelectrodes.')",pedot_electrodes
"(['A new 1D core-shell strategy is demonstrated for a hydrogen-generation photo-electrochemical cell (PEC). This Si/iodine-doped poly(3,4-ethylenedioxythiophene) (PEDOT) 1D nanocable array shows an encouraging solar-to-chemical energy-conversion efficiency. Coating with iodine-doped PEDOT can effectively enhance the photocatalytic efficiency and stability of SiNW arrays. The PEC model proposed shows a potentially promising structure for H(2) production using solar energy.'], 'Iodine-doped-poly(3,4-ethylenedioxythiophene)-modified Si nanowire 1D core-shell arrays as an efficient photocatalyst for solar hydrogen generation.')",pedot_electrodes
"(['We use a vapor-phase synthesis to generate conducting polymer films with low apparent capacitance and high conductance enabling rapid electrochemical measurements. Specifically, oxidative chemical vapor deposition was used to create thin films of poly(3,4-ethylenedioxythiophene):tosylate ('], 'Rapid Voltammetric Measurements at Conducting Polymer Microelectrodes Using Ultralow-Capacitance Poly(3,4-ethylenedioxythiophene):Tosylate.')",pedot_electrodes
"([""In this work, electrochemical properties of a bilayer electrode system prepared from an electrically conducting polymer, poly(3,4-ethylenedioxythiophene)-poly(styrenesulfonate), PEDOT-PSS coated carbon nanofibers (CNFs), have been investigated. The CNFs were used as supports for the deposition of PEDOT-PSS by a dip-coating technique to yield a bilayer electrode system. Electrodes prepared by such a method were used in supercapacitors operating in acidic (1 M H2SO4) electrolytes. The capacitance values were estimated by voltammetry and galvanostatic techniques with a three-electrode cell configuration. Due to the CNF's graphitic structure and the presence of exterior walls with numerous edges, a high specific surface area and easily accessible electrode/electrolyte interface were obtained, thus yielding good capacitance in the bilayer active materials. The capacitance for PEDOT-PSS coated CNF bilayer electrodes ranged from 80 to 180 F/g and the fabricated materials showed good cycling performance with high stability in aqueous electrolytes. This was probably due to enhanced access to the CNFs, leading to the generation of a double layer and, ultimately, higher values of the capacitance.""], 'Electrochemical characterization of a carbon nanofiber electrode system hybridized with PEDOT-PSS.')",pedot_electrodes
"(['This work reports the first electrochemical molecularly imprinted polymer (MIP) sensor for Interleukin-1beta (IL-1β) detection, based on modified commercial screen-printed carbon electrode (SPCE) was successfully demonstrated. For this purpose, the carbon support was modified with a PEDOT/4-aminothiophenol layer prior to the MIP film to enhance sensitivity and signal stability. The MIP layer was constructed on top of this by electropolymerization of Eriochrome black T (EBT) in the presence of IL-1β. The several steps of the biosensor assembly was followed by Raman spectroscopy and electroanalytical techniques. Using electrochemical impedance spectroscopy (EIS), a linear response in the range of 60 pM to 600\u202fnM, with a LOD of 1.5 pM with (S/N\u202f=\u202f3) was obtained in neutral PBS. Selectivity tests of the MIP biosensor made in spiked synthetic serum samples as well as against other structurally related (Myoglobin, of similar shape and size) or competing compounds (Immunoglobulin G, also present in the human serum) confirmed the good selectivity of the biosensor. Overall, the biosensor described herein has the potential to provide a simple and quick way for on-site screening of IL-1β, with low sample/reagent consumption and enabling direct serum analysis, which constitutes a valuable alternative to other conventional methods.'], 'An impedimetric molecularly-imprinted biosensor for Interleukin-1β determination, prepared by in-situ electropolymerization on carbon screen-printed electrodes.')",pedot_electrodes
"(['Hybrid lead halide perovskites continue to attract interest for use in optoelectronic devices such as solar cells and light-emitting diodes. Although challenging, the replacement of toxic lead in these systems is an active field of research. Recently, the use of trivalent metal cations (Bi3+ and Sb3+) that form defect perovskites A3B2X9 has received great attention for the development of solar cells, but their light-emissive properties have not previously been studied. Herein, an all-inorganic antimony-based two-dimensional perovskite, Cs3Sb2I9, was synthesized using the solution process. Vapor-anion-exchange method was employed to change the structural composition from Cs3Sb2I9 to Cs3Sb2Br9 or Cs3Sb2Cl9 by treating CsI/SbI3 spin-coated films with SbBr3 or SbCl3, respectively. This novel method facilitates the fabrication of Cs3Sb2Br9 or Cs3Sb2Cl9 through solution processing without the need of using poorly soluble precursors (e.g., CsCl and CsBr). We go on to demonstrate electroluminescence from a device employing Cs3Sb2I9 emitter sandwiched between ITO/PEDOT:PSS and TPBi/LiF/Al as the hole and electron injection electrodes, respectively. A visible-infrared radiance of 0.012 W·Sr-1·m-2 was measured at 6 V when Cs3Sb2I9 was the active emitter layer. These proof-of-principle devices suggest a viable path toward low-dimensional, lead-free A3B2X9 perovskite optoelectronics.'], 'Lead-Free Antimony-Based Light-Emitting Diodes through the Vapor-Anion-Exchange Method.')",pedot_electrodes
"([""A novel fully organic bioelectronic device is presented and validated as electronic transducer and current stimulator for brain implants. The device integrates polymeric electrodes made of poly(3,4-ethylenedioxythiophene):polystyrene sulfonate (PEDOT:PSS) on paper thin foils, resulting in a high surface-to-volume ratio architecture that exhibits high sensitivity to interfacial ionic transport phenomena. The prototyping technique herein presented yields devices for the bidirectional communication with biological systems whose dimensionality can be controlled according to the desired application. Transduction of ultra-low local-field potentials and delivery of voltage pulse-trains alike those used in deep-brain stimulation are herein assessed, paving the way towards novel theranostic strategies for the treatment of Parkinson's Disease and other severe neurodegenerative and/or traumatic pathologies of the central nervous system.""], 'Exploiting interfacial phenomena in organic bioelectronics: Conformable devices for bidirectional communication with living systems.')",pedot_electrodes
"(['Demand is growing in the field of medical diagnostics for simple, disposable devices that also demonstrate fast response times, are easy to handle, are cost-efficient, and are suitable for mass production. Polymer-based microfluidic devices meet the requirements of cost efficiency and mass production and they are suitable for biosensor applications. Conducting polymer-based electrochemical sensors have shown numerous advantages in a number of areas related to human health, such as the diagnosis of infectious diseases, genetic mutations, drug discovery, forensics and food technology, due to their simplicity and high sensitivity. One of the most promising group of conductive polymers is poly(3,4-ethylenedioxythiophene) (PEDOT) and its derivatives due to their attractive properties: high stability, high conductivity (up to 400-600 S/cm) and high transparency. This review paper summarizes newly developed methods associated with the application of PEDOT to diagnostic sensing.'], 'New directions in medical biosensors employing poly(3,4-ethylenedioxy thiophene) derivative-based electrodes.')",pedot_electrodes
"([""We have developed polymer solar cells featuring a buffer layer of polythiophene (PT) sandwiched between the active layer and the poly(3,4-ethylenedioxythiophene):poly(styrenesulfonate) (PEDOT:PSS) layer. We attribute the improvement in power conversion efficiency of these polymer solar cells, relative to that of those based on poly(3-hexylthiophene):[6,6]-phenyl-C(61)-butyric acid methyl ester (P3HT:PCBM), to a reduction in the degree of carrier recombination at the junction interface. Because the conductivity and the energy level of PT can be tuned simply by applying a bias to it in an electrolytic solution, we also investigated the effect of the energy level on the devices' performances. The power conversion efficiency of a solar cell containing a PT buffer layer reached 4.18% under AM 1.5 G irradiation (100 mW/cm(2)).""], 'A strategic buffer layer of polythiophene enhances the efficiency of bulk heterojunction solar cells.')",pedot_electrodes
"(['In recent years, the variety of textile electrodes developed for electrophysiological signal detection has increased rapidly. Among the applications that could benefit from this advancement, those based on surface electromyography (sEMG) are particularly relevant in rehabilitation, training, and muscle function assessment. In this work, we validate the performance of polymer-based screen-printed textile electrodes for sEMG signal detection. We obtained these electrodes by depositing poly-3,4-ethylenedioxythiophene doped with poly(styrene sulfonate) (PEDOT:PSS) onto cotton fabric, and then selectively changing the physical properties of the textile substrate. The manufacturing costs are low and this process meets the requirements of textile-industry production lines. The validation of these electrodes was based on their functional and electrical characteristics, assessed for two different electrode sizes and three skin-interface conditions (dry, solid hydrogel, or saline solution), and compared to those of conventional disposable gelled electrodes. Results show high similarity in terms of noise amplitude and electrode-skin impedance between the conventional and textile electrodes with the addition of solid hydrogel or saline solution. Furthermore, we compared the shape of the electrically induced sEMG, as detected by conventional and textile electrodes from tibialis anterior. The comparison yielded an [Formula: see text] value higher than 97% for all measurement conditions. Preliminary tests in dynamic conditions (walking) revealed the exploitability of the proposed electrode technology with saline application for the monitoring of sEMG for up to 35 min of activity. These results suggest that the proposed screen-printed textile electrodes may be an effective alternative to the conventional gelled electrodes for sEMG acquisition, thereby providing new opportunities in clinical and wellness fields.'], 'Validation of Polymer-Based Screen-Printed Textile Electrodes for Surface EMG Detection.')",pedot_electrodes
"(['Herein, functionalized PEDOT films were prepared by incorporation of two electroactive species, ferrocenecarboxylic acid (Fc(-)) and ferricyanide (Fe(CN)6(4-)) as doping anions during the electropolymerization of PEDOT at glassy carbon electrodes (GCEs) from aqueous solution. The electrochemically synthesized electroactive species-doped PEDOT films have been carefully characterized by scanning electron microscopy (SEM), FTIR and UV/Vis spectra and various electrochemical techniques. Such nanostructured films combined the advantages of PEDOT (high conductivity and stability) together with electroactive species (good electrochemical activity) and were applied as electrochemical sensors for simultaneous determination of vitamin B2 (VB2), vitamin B6 (VB6) and vitamin C (VC). The results showed that the oxidation peak currents of vitamins obtained at the GCEs modified with electroactive species-doped PEDOT films were much higher than those at the ClO4(-)-doped PEDOT films and bare GCEs. The experiment results also illustrated that the sensors possessed high selectivity with no interference from other potential competing species. Moreover, the proposed sensors were successfully employed for the determination of vitamins in orange juice samples with satisfactory results.'], 'Electroactive species-doped poly(3,4-ethylenedioxythiophene) films: enhanced sensitivity for electrochemical simultaneous determination of vitamins B2, B6 and C.')",pedot_electrodes
"([""The implantable cuff electrode is an effective neuroprosthetic device in current nerve tissue engineering. However, biocompatibility and stability are still a serious dispute in terms of in vivo function and continuous monitoring. In this regard, assessing the host's biological response to biomaterials is one of the key factors of chronic implantation. In this article, we analyzed the peripheral nerve specific-biological responses to the application of multi-functional hydrogel-coated electrodes. The surface of the cuff electrode was modified using a multifunctional hydrogel composed of PEG hydrogel, cyclosporin A(CsA)-microsphere(MS) and electrodeposited PEDOT:PSS. Through our approach, we have found that the multifunctional hydrogel coatings improve the neural electrode function, such as peak-to-peak amplitude increase. Additionally, the multifunctional hydrogel coated electrodes exhibited improved biocompatibility, such as reduced apoptotic properties and increased axonal myelination. Furthermore, 12 genes (BDNF, Gfra1, IL-6, Sox 10, S100B, P75 NTR , GAP43, MBP, MPZ, NrCAM, NE-FL, CB1) were upregulated at 5 weeks post-implant. Finally, double immunofluorescence revealed the effect of endocannabinoid system on neuroprotective properties and tissue remodeling of peripheral nerves during cuff electrode implantation. These results clearly confirmed that multifunctional hydrogel coatings could improve electrode function and biocompatibility by enhancing neuroprotective properties, which may provide a valuable paradigm for clinical neurology application.""], 'Biological assessments of multifunctional hydrogel-decorated implantable neural cuff electrode for clinical neurology application.')",pedot_electrodes
"(['Microelectrode electrophysiology has become a widespread technique for the extracellular recording of bioelectrical signals. To date, electrodes are made of metals or inorganic semiconductors, or hybrids thereof. We demonstrate that these traditional conductors can be completely substituted by highly flexible electroconductive polymers. Pursuing a two-level replica-forming strategy, conductive areas for electrodes, leads and contact pads are defined as microchannels in poly(dimethylsiloxane) (PDMS) as a plastic carrier and track insulation material. These channels are coated by films of organic conductors such as polystyrenesulfonate-doped poly(3,4-ethylenedioxy-thiophene) (PEDOT:PSS) or filled with a graphite-PDMS (gPDMS) composite, either alone or in combination. The bendable, somewhat stretchable, non-cytotoxic and biostable all-polymer microelectrode arrays (polyMEAs) with a thickness below 500 μm and up to 60 electrodes reliably capture action potentials (APs) and local field potentials (LFPs) from acute preparations of heart muscle cells and retinal whole mounts, in vivo epicortical and epidural recordings as well as during long-term in vitro recordings from cortico-hippocampal co-cultures.'], 'Flexible, all-polymer microelectrode arrays for the capture of cardiac and neuronal signals.')",pedot_electrodes
"(['A stretchable e-textile was fabricated by simply soaking Spandex fabric in a conductive polymer aqueous dispersion, PEDOT-PSS. The resulting conductive fabric had an average conductivity of 0.1 S/cm. Subjecting the fabric to more than one soaking step increased the conductivity of the fabric up to ca. 2.0 S/cm resulting in a 33% faster switching speed. This simple methodology is not limited to Spandex (50% nylon/50% polyurethane). Several other fabric compositions were investigated for their conductivity via this process, including 100% cotton, 60% cotton/40% polyester, 95% cotton/5% Lycra, 60%polyester/40% rayon, 100% polyester, and 80% nylon/20% Spandex, listed in order of decreasing hydrophilicity. Those fabrics with higher water uptake resulted in higher conductivities upon soaking in PEDOT-PSS. Electrochromic polymers coated on the fabric could be switched between their different colored states, even upon stretching of the Spandex. SEM revealed that the electrochromic polymer coated on the substrate separated under stretching, uncovering the color of the base conducting fabric. It was found that the PEDOT-PSS was not a film on the Spandex but rather homogenously dispersed nanoparticles within the fabric matrix forming a percolated network.'], 'Conductivity trends of PEDOT-PSS impregnated fabric and the effect of conductivity on electrochromic textile.')",pedot_electrodes
"(['Organic solar cells have been regarded as a promising electrical energy source. Transparent and conductive carbon nanotube film offers an alternative to commonly used ITO in photovoltaics with superior flexibility. This communication reports carbon nanotube-based indium-free organic solar cells and their flexible application. Direct and dry deposited carbon nanotube film doped with MoO(x) functions as an electron-blocking transparent electrode, and its performance is enhanced further by overcoating with'], 'Direct and Dry Deposited Single-Walled Carbon Nanotube Films Doped with MoO(x) as Electron-Blocking Transparent Electrodes for Flexible Organic Solar Cells.')",pedot_electrodes
"(['Rapid development of wearable electronics, piezoelectric nanogenerator (PNG), has been paid a special attention because of its sustainable and accessible energy generation. In this context, we present a simple yet highly efficient design strategy to enhance the output performance of an all-organic PNG (OPNG) based on multilayer assembled electrospun poly(vinylidene fluoride) (PVDF) nanofiber (NF) mats where vapor-phase polymerized poly(3,4-ethylenedioxythiophene)-coated PVDF NFs are assembled as electrodes and neat PVDF NFs are utilized as an active component. In addition to the multilayer assembly, electrode compatibility and durability remain a challenging task to mitigate the primary requirements of wearable electronics. A multilayer networked three-dimensional structure integrated with a compatible electrode thereby provides enhanced output voltage and current (e.g., open-circuit voltage, Voc ≈ 48 V, and short-circuit current, Isc ≈ 6 μA, upon 8.3 kPa of the applied stress amplitude) with superior piezoelectric energy conversion efficiency of 66% compared to the single-mat device. Besides, OPNG also shows ultrasensitivity toward human movements such as foot strikes and walking. The weight measurement mapping is critically explored by principal component analysis that may have enormous applications in medical diagnosis to smart packaging industries. More importantly, fatigue test under continuous mechanical impact (over 6 months) shows great promise as a robust wearable mechanical energy harvester.'], 'All-Organic High-Performance Piezoelectric Nanogenerator with Multilayer Assembled Electrospun Nanofiber Mats for Self-Powered Multifunctional Sensors.')",pedot_electrodes
"(['Significantly enhanced catalytic activity of a nanocomposite composed of conducting polymer poly (3,4-ethylenedioxythiophene) (PEDOT) doped with graphene oxide (GO) was achieved through a simple electrochemical reduction process. The nanocomposite (PEDOT/GO) was electrodeposited on an electrode and followed by electrochemical reduction, and the obtained reduced nanocomposite (PEDOT/RGO) modified electrode exhibited lowered electrochemical impedance and excellent electrocatalytic activity towards the oxidation of dopamine. Based on the excellent catalytic property of PEDOT/RGO, an electrochemical sensor capable of sensitive and selective detection of DA was developed. The fabricated sensor can detect DA in a wide linear range from 0.1 to 175μM, with a detection limit of 39nM, and it is free from common interferences such as uric acid and ascorbic acid.'], 'Enhanced catalytic and dopamine sensing properties of electrochemically reduced conducting polymer nanocomposite doped with pure graphene oxide.')",pedot_electrodes
"(['Overcoating carbon nanotube (CNT) films on flexible poly(ethylene terephthalate) (PET) foils with poly(3,4-ethylenedioxythiophene):poly(styrenesulfonate) ('], 'Effect of Methanol Addition on the Resistivity and Morphology of PEDOT:PSS Layers on Top of Carbon Nanotubes for Use as Flexible Electrodes.')",pedot_electrodes
"(['A novel stamped hybrid solar cell was proposed using the stamping transfer technique by stamping an active PEDOT:PSS thin layer onto the top of silicon nanowires (SiNWs). Compared to a bulk-type counterpart that fully embeds SiNWs inside PEDOT:PSS, an increase in the photovoltaic efficiency was observed by a factor of ∼4.6, along with improvements in both electrical and optical responses for the stamped hybrid cell. Such improvements for hybrid cells was due to the formation of well-connected and linearly aligned active PEDOT:PSS channels at the top ends of the nanowires after the stamping process. These stamped channels facilitated not only to improve the charge transport, light absorption, but also to decrease the free carriers as well as exciton recombination losses for stamped hybrid solar cells.'], 'A stamped PEDOT:PSS-silicon nanowire hybrid solar cell.')",pedot_electrodes
"(['A simple and versatile fabrication process is used to define conducting polymer microelectrode arrays (MEAs), patterning at the same time the recording electrodes as well as the insulating layer. Thanks to the low impedance of poly(3,4-ethylenedioxythiophene)-poly(styrenesulfonate) (PEDOT:PSS) electrodes, these MEAs allow in vitro recording of action potentials from rat hippocampus slices.'], 'Easy-to-fabricate conducting polymer microelectrode arrays.')",pedot_electrodes
"(['A highly-sensitive electrochemical sensor based on single walled carbon nanotubes (SWCNTs) nanocomposite electro-catalyst supported molecularly imprinted poly(3,4-ethylenedioxythiophene) (PEDOT) film modified with two-dimensional layered tungsten sulfide (WS2) nanosheet for the detection of vitamin B2 (VB2) was successfully developed. Molecularly imprinted WS2-PEDOT film was prepared by the electrochemical co-polymerization of functional monomer 3,4-ethylenedioxythiophene in the presence of template molecule VB2 and WS2 nanosheet. SWCNTs nanocomposite modified electrode was obtained by drop-coating SWCNTs dispersion containing graphene oxide (GO) onto GCE surface. WS2 was used for improving the denseness and smoothness in the morphology and structure of PEDOT. GO was employed for enhancing the electro-catalytic capacity of SWCNTs and the interaction with template molecule via functional groups. The imprinted sensor was characterized, and its performance and parameters were investigated and optimized using linear sweep voltammetry. Under optimized conditions, the prepared imprinted sensor displayed a good linear response to VB2 in wide concentration ranges from 0.002 to 0.9\u202fμM with a low detection limit of 0.7\u202fnM, and successfully applied to electrochemically detect VB2 in drug samples with good reproducibility, repeatability and storage stability. The new design for the facile fabrication of mimic electrode will open up a new horizon in the development of highly-sensitive biomimic/imprinted sensors.'], 'A highly-sensitive VB2 electrochemical sensor based on one-step co-electrodeposited molecularly imprinted WS2-PEDOT film supported on graphene oxide-SWCNTs nanocomposite.')",pedot_electrodes
"(['In this study, we investigated hybrid bulk heterojunction organic solar cells containing ZnO nanoparticles blended with poly(3-hexylthiophene) (P3HT) and phenyl-C61-butyric acid methyl ester (PCBM) and having poly(3,4-ethylenedioxythiophene) poly(styrenesulfonate) (PEDOT:PSS) or N,N-dimethylformamide (DMF)-modulated PEDOT:PSS buffer layers. The reference cell, which had a P3HT:PCBM active layer sandwiched between ITO\\PEDOT:PSS and LiF\\Al electrodes, exhibited an efficiency of 1.55%. The ZnO nanoparticle-doped active layer (ITO\\PEDOT:PSS(DMF) \\ZnO:P3HT:PCBM\\LiF\\Al) exhibited a higher efficiency of 3.39% due to the modulated PEDOT:PSS buffer layer with low resistivity and the hybrid active layer containing ZnO nanoparticles. Here, we demonstrate that the low resistivity of the PEDOT:PSS layer can improve the Jsc value of hybrid solar cells, and ZnO nanoparticles can enhance the Voc value of organic solar cells.'], 'Effects of ZnO nanoparticles on P3HT:PCBM organic solar cells with DMF-modulated PEDOT:PSS buffer layers.')",pedot_electrodes
"(['The present study demonstrates a novel approach by which titanium foils coated with electropolymerized poly(3,4-ethylenedioxythiophene) (PEDOT) in combination with sputtered platinum can be processed into a high-surface area cathodes for dye-sensitized solar cells (DSSCs). A detailed study has been performed to elucidate how surface nanomorphology and I(-)/I(3-) redox reaction behaviors underlying these photocathodes impact the DSSC performances. From the analysis of the relevant electrochemical parameters, an intrinsic correlation between the photovoltaic performances and the cathode surface area has been deduced for such a system and explained on the basis of relative contributions of the galvanic coupling properties of the nanomorphology PEDOT film and platinum. Depending on the type of photocathodes incorporated, it was observed that these PEDOT coated cathodes can exhibit higher stability over a given time range and photo-conversion efficiencies 12-40%, higher than that achievable in absence of the intermediate PEDOT coatings. It has been shown that DSSCs based on such metal-polymer hybrid photo-cathodes allow significant room for improvement in the catalytic performance at the electrode/electrolyte interface.'], 'Effect of surface nanomorphology and interfacial galvanic coupling of PEDOT-titanium counter electrodes on the stability of dye-sensitized solar cell.')",pedot_electrodes
"(['Poly(3,4-ethylenedioxythiophene) (PEDOT) films have attracted substantial interest as coatings for platinum neuroprosthetic electrodes due to their excellent chemical stability and electrical properties. This study systematically examined PEDOT coatings formed with different amounts of charge and dopant ions, and investigated the combination of surface characteristics that were optimal for neural cell interactions. PEDOT samples were fabricated by varying the electrodeposition charge from 0.05 to 1 C cm(-2). Samples were doped with either poly(styrenesulfonate), tosylate (pTS) or perchlorate. Scanning electron micrographs revealed that both thickness and nodularity increased as the charge used to produce the sample was increased, and larger dopants produced smoother films across all thicknesses. X-ray photoelectron spectroscopy confirmed that the amount of charge directly corresponded to the thickness and amount of dopant in the samples. Additionally, with increased thickness and nodularity, the electrochemical properties of all PEDOT coatings improved. However, neural cell adhesion and outgrowth assays revealed that there is a direct biological tradeoff related to the thickness and nodularity. Cell attachment, growth and differentiation was poorer on the thicker, rougher samples, but thin, less nodular PEDOT films exhibited significant improvements over bare platinum. PEDOT/pTS fabricated with a charge density of <0.1Ccm(-2) provided superior electrochemical and biological properties over conventional platinum electrodes and would be the most suitable conducting polymer for neural interface applications.'], 'The biological and electrical trade-offs related to the thickness of conducting polymers for neural applications.')",pedot_electrodes
"(['We report perovskite solar cells with a new device structure that employ highly conductive polymer poly(3,4-ethylenedioxythiophene):poly(styrene sulfonate) ('], 'Metal electrode-free perovskite solar cells with transfer-laminated conducting polymer electrode.')",pedot_electrodes
"(['Conducting hydrogels (CHs) are an emerging technology in the field of medical electrodes and brain-machine interfaces. The greatest challenge to the fabrication of CH electrodes is the hybridization of dissimilar polymers (conductive polymer and hydrogel) to ensure the formation of interpenetrating polymer networks (IPN) required to achieve both soft and electroactive materials. A new hydrogel system is developed that enables tailored placement of covalently immobilized dopant groups within the hydrogel matrix. The role of immobilized dopant in the formation of CH is investigated through covalent linking of sulfonate doping groups to poly(vinyl alcohol) (PVA) macromers. These groups control the electrochemical growth of the conducting polymer poly(3,4-ethylenedioxythiophene) (PEDOT) and subsequent material properties. The effect of dopant density and interdopant spacing on the physical, electrochemical, and mechanical properties of the resultant CHs is examined. Cytocompatible PVA hydrogels with PEDOT penetration throughout the depth of the electrode are produced. Interdopant spacing is found to be the key factor in the formation of IPNs, with smaller interdopant spacing producing CH electrodes with greater charge storage capacity and lower impedance due to increased PEDOT growth throughout the network. This approach facilitates tailorable, high-performance CH electrodes for next generation, low impedance neuroprosthetic devices.'], 'Interpenetrating Conducting Hydrogel Materials for Neural Interfacing Electrodes.')",pedot_electrodes
"(['A novel biosensor using poly(3,4-ethylene dioxythiophene) (PEDOT) modified Pt electrode was developed for selective determination of dopamine (DA) in presence of high concentrations of ascorbic acid (AA) and uric acid (UA) with a maximum molar ratio of 1/1000, and 1/100 in the presence of sodium dodecyl sulfate (SDS). SDS forms a monolayer on PEDOT surface with a high density of negatively charged end directed outside the electrode. The electrochemical response of dopamine was improved by SDS due to the enhanced accumulation of protonated dopamine via electrostatic interactions. The common overlapped oxidation peaks of AA, UA and DA can be resolved by using SDS as the DA current signal increases while the corresponding signals for AA and UA are quenched. The use of SDS in the electrochemical determination of dopamine using linear sweep voltammetry at modified electrode PEDOT/Pt resulted in detecting dopamine at relatively lower concentrations. The DA concentration could be measured in the linear range of 0.5 to 25μmol L(-1) and 30μmol L(-1) to 0.1mmol L(-1) with correlation coefficients of 0.998 and 0.993 and detection limits 61nmol L(-1) and 86nmol L(-1), respectively. The validity of using this method in the determination of dopamine in human urine was also demonstrated.'], 'Poly(3,4-ethylene-dioxythiophene) electrode for the selective determination of dopamine in presence of sodium dodecyl sulfate.')",pedot_electrodes
"(['In the present report, we focused on the study of the out-of-plane electrical transport of multiwalled carbon nanotube (MWCNT)-doped poly(3,4-ethylenedioxythiophene):poly(styrene sulfonate) composites (PEDOT:PSS-MWCNTs) as electrodes for solar cell applications. The out-of-plane direct current and alternating current electrical transport, rarely studied but not less relevant, was additionally supported with in-plane and out-of-plane confocal Raman microscopy and grazing incidence small-angle X-ray scattering characterizations. The main relevance of our study is the monitoring of the polymer structure all across the polymeric film by using confocal Raman spectroscopy and its correlation with electrical transport. Modifications in the PEDOT benzenoid and quinoid conformations were observed in the vicinities of MWCNTs, and the enrichment of PSS at the indium tin oxide electrode interface was also evidenced. In consequence, the low MWCNT loadings into PEDOT:PSS lead to an increase of the out-of-plane conductivity, but the heavier MWCNT loadings lead to a drastic decrease. The tuning of the doping level of these polymer composites and the understanding of the interface structure are crucial to fabricate electrodes with higher out-of-plane conductivities for organic solar cell applications.'], 'Raman Microscopy Insights on the Out-of-Plane Electrical Transport of Carbon Nanotube-Doped PEDOT:PSS Electrodes for Solar Cell Applications.')",pedot_electrodes
"(['Upcoming human-related applications such as soft wearable electronics, flexible haptic systems, and active bio-medical devices will require bio-friendly actuating materials. Here, we report a soft biomolecule actuator based on carboxylated bacterial cellulose (CBC), ionic liquid (IL), and poly (3,4-ethylenedioxythiophene)-poly(styrenesulfonate) ('], 'A soft biomolecule actuator based on a highly functionalized bacterial cellulose nano-fiber network with carboxylic acid groups.')",pedot_electrodes
"(['A combination of the electroactive polymer poly(brilliant green) (PBG) or conducting polymer poly(3,4-ethylenedioxythiophene) (PEDOT) with carbon nanotubes to obtain CNT/PBG and CNT/PEDOT modified carbon film electrodes (CFE) has been investigated as a new biosensor platform, incorporating the enzymes glucose oxidase (GOx) as test enzyme, alcohol oxidase (AlcOx) or alcohol dehydrogenase (AlcDH). The sensing parameters were optimized for all biosensors based on CNT/PBG/CFE, CNT/PEDOT/CFE platforms. Under optimized conditions, both GOx biosensors exhibited very similar sensitivities, while in the case of AlcOx and AlcDH biosensors, AlcOx/CNT/PBG/CFE was found to give a higher sensitivity and lower detection limit. The influence of dissolved O2 on oxidase-biosensor performance was investigated and was shown to be different for each enzyme. Comparisons were made with similar reported biosensors, showing the advantages of the new biosensors, and excellent selectivity against potential interferents was successfully demonstrated. Finally, alcohol biosensors were successfully used for the determination of ethanol in alcoholic beverages.'], 'New CNT/poly(brilliant green) and CNT/poly(3,4-ethylenedioxythiophene) based electrochemical enzyme biosensors.')",pedot_electrodes
"(['Conductive polymer poly(3,4-ethylenedioxythiophene):poly(styrenesulfonate) ('], 'Simultaneously Enhancing the Cohesion and Electrical Conductivity of PEDOT:PSS Conductive Polymer Films using DMSO Additives.')",pedot_electrodes
"(['In this article, we demonstrate the potentiostatic electrodeposition of poly(3,4-ethylenedioxythiophene) (PEDOT) on reduced graphene oxide (RGO) to develop a nanocomposite-modified electrode that separates three coexisting biofluids - ascorbic acid (AA), dopamine (DA), and uric acid (UA) - in a 0.1\u202fM Phosphate buffer solution at a physiological pH (7.4). The texture, physicochemical properties, and electrochemical behavior of the PEDOT-RGO were explored using UV-visible spectroscopy, Raman spectroscopy, X-ray photoelectron spectroscopy, electron microscopic techniques, and electrochemical impedance spectroscopy (EIS). A PEDOT-RGO/GCE was evaluated with respect to a bare GCE, RGO/GCE, and PEDOT/GCE for the simultaneous sensing of AA, DA, and UA. The difference in voltammetric peak potentials was about 180\u202fmV between AA and DA and 120\u202fmV between DA and UA. The differential pulse voltammetric sensor provided a linear calibration for a wide concentration range (0.1-907\u202fμM for AA, 0.1-901\u202fμM for DA, and 0.1-701\u202fμM for UA) with detection limits of 1.5\u202fμM, 0.6\u202fμM, and 0.2\u202fμM for AA, DA, and UA, respectively. The developed sensor was validated by the detection of AA, DA, and UA in a vitamin C tablet, a dopamine hydrochloride injection, and human serum samples.'], 'The facile and simple synthesis of poly(3,4ethylenedioxythiophene) anchored reduced graphene oxide nanocomposite for biochemical analysis.')",pedot_electrodes
"(['Wearable textile electrodes based on π-conjugated polymers are appealing alternatives to carbon fabrics, conductive yarns, or metal wires because of their design flexibility, low cost, flexibility, and high throughput. This provides the benefits of both electronics and textiles. Herein, a general and new method has been developed to produce tailorable, wearable energy devices that are based on three-dimensional (3D) poly(3,4-ethylenedioxythiophene) (PEDOT)-coated textile conductors. To obtain the desired electrode materials, both facile solution-dropping polymerization methods are used to fabricate a 3D flexible PEDOT conductor on a cotton textile (PEDOT/textile). PEDOT/textile shows a very low sheet resistance of 4.6-4.9 Ω·sq-1. Here, we employ the example of this 3D network-like structure and the excellent electrical conductivities under the large deformation of PEDOT/textiles to show that wearable and portable heaters have immense potential. A flexible textile heater with a large area (8 × 7.8 cm2) reached a saturation temperature of ∼83.9 °C when a bias of 7 V was applied for ∼70 s due to the good electrical conductivity of PEDOT. To demonstrate the performance of all-solid-state supercapacitors, nano-ascidian-like PEDOT (PEDOT-NA) arrays were prepared via a simple vapor-phase polymerization of 3,4-ethylenedioxythiophene on PEDOT/textile to increase both the surface area and the number of ion diffusion paths. The PEDOT-NA arrays on PEDOT/textile showed outstanding performance with an areal capacitance of 563.3 mF·cm-2 at 0.4 mA·cm-2 and extraordinary mechanical flexibility. The maximum volumetric power density and energy density of the nanostructured PEDOT on the textile were 1.75 W·cm-3 and 0.0812 Wh·cm-3, respectively. It is expected that the wearable nanostructured conducting polymers will have advantages when used as structures for smart textronics and energy conversion/storage.'], 'Three-Dimensional Flexible All-Organic Conductors for Multifunctional Wearable Applications.')",pedot_electrodes
"(['We developed single-crystal poly(3,4-ethylenedioxythiopene) (PEDOT) nanowires with ultrahigh conductivity using liquid-bridge-mediated nanotransfer printing with vapor phase polymerization. The single-crystal PEDOT nanowires are formed from 3,4-ethylenedioxythiophene (EDOT) monomers that are self-assembled and crystallized during vapor phase polymerization process within nanoscale channels of a mold having FeCl3 catalysts. These PEDOT nanowires, aligned according to the pattern in the mold, are then directly transferred to specific positions on a substrate to generate a nanowire array by a direct printing process. The PEDOT nanowires have closely packed single-crystalline structures with orthorhombic lattice units. The conductivity of the single-crystal PEDOT nanowires is an average of 7619 S/cm with the highest up to 8797 S/cm which remarkably exceeds literature values of PEDOT nanostructures/thin films. Such distinct conductivity enhancement of single-crystal PEDOT nanowires can be attributed to improved carrier mobility in PEDOT nanowires. To demonstrate usefulness of single-crystal PEDOT nanowires, we fabricated an organic nanowire field-effect transistor array contacting the ultrahigh conductive PEDOT nanowires as metal electrodes.'], 'Single-crystal poly(3,4-ethylenedioxythiophene) nanowires with ultrahigh conductivity.')",pedot_electrodes
"(['The gold standard in brain-computer interface (BCI) modalities is multi single-unit recordings in the primary motor cortex. It yields the fastest and most elegant control (i.e., most degrees of freedom and bitrate). Unfortunately, single-unit electrodes are prone to encapsulation, which limit their single-unit recording life. However, encapsulation does not significantly affect intracortical local field potentials (LFPs). LFPs and single-unit activity were recorded from the motor cortices of three monkeys (Macaca fascicularis) while they performed a standard 3D center-out reaching task and a 3D circle-drawing task. The high frequency (HF) (60-200 Hz) spectral amplitudes of a subset of the LFPs were found to be directionally tuned much like single units. In fact, stable isolation of single units on the same electrode increased the likelihood that the HF-LFP would be significantly cosine tuned to hand direction. The presence of significantly tuned single units further increased the likelihood of a tuned HF-LFP, suggesting that this band of HF-LFP activity is at least partially generated by local neuronal action potential currents (i.e., single-unit activity). Given that encapsulation makes recording single units over a long period of time difficult, these results suggest that HF-LFPs may be a more stable and efficient method of monitoring neural activity for BCI applications.'], 'Local field potentials for BCI control.')",neuroprosthetics
"(['We are designing an implantable neuroprosthesis for the treatment of unilateral facial paralysis. The envisioned biomimetic device paces artificial blinks in the paretic eyelid when activity in the healthy orbicularis oculi (orbicularis) muscle is detected. The present article focuses on electromyography (EMG)-based eyeblink detection.'], 'Surface electromyography recording of spontaneous eyeblinks: applications in neuroprosthetics.')",neuroprosthetics
"(['After spinal cord injury (SCI), sensory feedback circuits critically contribute to leg motor execution. Compelled by the importance to engage these circuits during gait rehabilitation, assistive robotics and training protocols have primarily focused on guiding leg movements to reinforce sensory feedback. Despite the importance of trunk postural dynamics on gait and balance, trunk assistance has comparatively received little attention. Typically, trunk movements are either constrained within bodyweight support systems, or manually adjusted by therapists. Here, we show that real-time control of trunk posture re-established dynamic balance amongst bilateral proprioceptive feedback circuits, and thereby restored left-right symmetry, loading and stepping consistency in rats with severe SCI. We developed a robotic system that adjusts mediolateral trunk posture during locomotion. This system uncovered robust relationships between trunk orientation and the modulation of bilateral leg kinematics and muscle activity. Computer simulations suggested that these modulations emerged from corrections in the balance between flexor- and extensor-related proprioceptive feedback. We leveraged this knowledge to engineer control policies that regulate trunk orientation and postural sway in real-time. This dynamical postural interface immediately improved stepping quality in all rats regardless of broad differences in deficits. These results emphasize the importance of trunk regulation to optimize performance during rehabilitation.'], 'Closed-loop control of trunk posture improves locomotion through the regulation of leg proprioceptive feedback after spinal cord injury.')",neuroprosthetics
"([""Brain reading technologies are rapidly being developed in a number of neuroscience fields. These technologies can record, process, and decode neural signals. This has been described as 'mind reading technology' in some instances, especially in popular media. Should the public at large, be concerned about this kind of technology? Can it really read minds? Concerns about mind-reading might include the thought that, in having one's mind open to view, the possibility for free deliberation, and for self-conception, are eroded where one isn't at liberty to privately mull things over. Themes including privacy, cognitive liberty, and self-conception and expression appear to be areas of vital ethical concern. Overall, this article explores whether brain reading technologies are really mind reading technologies. If they are, ethical ways to deal with them must be developed. If they are not, researchers and technology developers need to find ways to describe them more accurately, in order to dispel unwarranted concerns and address appropriately those that are warranted.""], 'Brain Recording, Mind-Reading, and Neurotechnology: Ethical Issues from Consumer Devices to Brain-Based Speech Decoding.')",neuroprosthetics
"([""Sleepwalkers' complex nocturnal behaviors have inspired fictional characters from Shakespeare's Lady Macbeth to Polidori's Vampyre to Cesare, the homicidal somnambulist in The Cabinet of Dr Caligari. Yet although the underlying pathophysiology of sleepwalking, i.e. the partial arousal from slow-wave sleep, is today well-documented, the detailed sensorimotor mechanisms permitting locomotion and further complex behaviors to occur outside of conscious control remain poorly understood [1]. Further, the paroxysmal character, nocturnal pattern, and spontaneous onset have made it nigh on impossible to study somnambulism behaviorally during wakefulness. The goal-directed walking paradigm reported here, based on full-body motion capture and virtual reality feedback, directly addresses this issue and provides unique insights into the functional mechanisms of this common parasomnia: sleepwalkers exhibited improved movement automation and a stronger dissociation between locomotor control and awareness than matched controls when challenged with a cognitive load. Our data therefore suggest that behavioral markers exist in awake sleepwalkers, characterized by their ability to perform complex locomotor actions in the absence of full consciousness. Our findings are important as they firmly link sleepwalking to the neuroscience of motor control and motor awareness and may complement formal diagnosis procedures (normally requiring time, cost-intensive sleep studies and polysomnographic recordings).""], 'Distinct locomotor control and awareness in awake sleepwalkers.')",neuroprosthetics
"(['The cochlear nucleus (CN) is the target of the auditory brainstem implant (ABI). Most ABI candidates have Neurofibromatosis Type 2 (NF2) and distorted brainstem anatomy from bilateral vestibular schwannomas. The CN is difficult to characterize as routine structural MRI does not resolve detailed anatomy. We hypothesize that diffusion tensor imaging (DTI) enables both in vivo localization and quantitative measurements of CN morphology.'], 'Human Cochlear Nucleus on 7 Tesla Diffusion Tensor Imaging: Insights Into Micro-anatomy and Function for Auditory Brainstem Implant Surgery.')",neuroprosthetics
"(['Independent Component Analysis (ICA) is a widely applied data-driven method for parsing brain and non-brain EEG source signals, mixed by volume conduction to the scalp electrodes, into a set of maximally temporally and often functionally independent components (ICs). Many ICs may be identified with a precise physiological or non-physiological origin. However, this process is hindered by partial instability in ICA results that can arise from noise in the data. Here we propose RELICA (RELiable ICA), a novel method to characterize IC reliability within subjects. RELICA first computes IC ""dipolarity"" a measure of physiological plausibility, plus a measure of IC consistency across multiple decompositions of bootstrap versions of the input data. RELICA then uses these two measures to visualize and cluster the separated ICs, providing a within-subject measure of IC reliability that does not involve checking for its occurrence across subjects. We demonstrate the use of RELICA on EEG data recorded from 14 subjects performing a working memory experiment and show that many brain and ocular artifact ICs are correctly classified as ""stable"" (highly repeatable across decompositions of bootstrapped versions of the input data). Many stable ICs appear to originate in the brain, while other stable ICs account for identifiable non-brain processes such as line noise. RELICA might be used with any linear blind source separation algorithm to reduce the risk of basing conclusions on unstable or physiologically un-interpretable component processes.'], 'RELICA: a method for estimating the reliability of independent components.')",neuroprosthetics
"(['The distributed network of receptors, neurons, and synapses in the somatosensory system efficiently processes complex tactile information. We used flexible organic electronics to mimic the functions of a sensory nerve. Our artificial afferent nerve collects pressure information (1 to 80 kilopascals) from clusters of pressure sensors, converts the pressure information into action potentials (0 to 100 hertz) by using ring oscillators, and integrates the action potentials from multiple ring oscillators with a synaptic transistor. Biomimetic hierarchical structures can detect movement of an object, combine simultaneous pressure inputs, and distinguish braille characters. Furthermore, we connected our artificial afferent nerve to motor nerves to construct a hybrid bioelectronic reflex arc to actuate muscles. Our system has potential applications in neurorobotics and neuroprosthetics.'], 'A bioinspired flexible organic artificial afferent nerve.')",neuroprosthetics
"(['This study aimed to investigate the performance of an updated version of our pre-impact detection algorithm parsing out the output of a set of Inertial Measurement Units (IMUs) placed on lower limbs and designed to recognize signs of lack of balance due to tripping. Eight young subjects were asked to manage tripping events while walking on a treadmill. An adaptive threshold-based algorithm, relying on a pool of adaptive oscillators, was tuned to identify abrupt kinematics modifications during tripping. Inputs of the algorithm were the elevation angles of lower limb segments, as estimated by IMUs located on thighs, shanks and feet. The results showed that the proposed algorithm can identify a lack of balance in about 0.37 ± 0.11 s after the onset of the perturbation, with a low percentage of false alarms (<10%), by using only data related to the perturbed shank. The proposed algorithm can hence be considered a multi-purpose tool to identify different perturbations (i.e., slippage and tripping). In this respect, it can be implemented for different wearable applications (e.g., smart garments or wearable robots) and adopted during daily life activities to enable on-demand injury prevention systems prior to fall impacts.'], 'Pre-Impact Detection Algorithm to Identify Tripping Events Using Wearable Sensors.')",neuroprosthetics
"(['Traditionally, the key step before decoding motor intentions from cortical recordings is spike sorting, the process of identifying which neuron was responsible for an action potential. Recently, researchers have started investigating approaches to decoding which omit the spike sorting step, by directly using information about action potentials\' waveform shapes in the decoder, though this approach is not yet widespread. Particularly, one recent approach involves computing the moments of waveform features and using these moment values as inputs to decoders. This computationally inexpensive approach was shown to be comparable in accuracy to traditional spike sorting. In this study, we use offline data recorded from two Rhesus monkeys to further validate this approach. We also modify this approach by using sums of exponentiated features of spikes, rather than moments. Our results show that using waveform feature sums facilitates significantly higher hand movement reconstruction accuracy than using waveform feature moments, though the magnitudes of differences are small. We find that using the sums of one simple feature, the spike amplitude, allows better offline decoding accuracy than traditional spike sorting by expert (correlation of 0.767, 0.785 vs. 0.744, 0.738, respectively, for two monkeys, average 16% reduction in mean-squared-error), as well as unsorted threshold crossings (0.746, 0.776; average 9% reduction in mean-squared-error). Our results suggest that the sums-of-features framework has potential as an alternative to both spike sorting and using unsorted threshold crossings, if developed further. Also, we present data comparing sorted vs. unsorted spike counts in terms of offline decoding accuracy. Traditional sorted spike counts do not include waveforms that do not match any template (""hash""), but threshold crossing counts do include this hash. On our data and in previous work, hash contributes to decoding accuracy. Thus, using the comparison between sorted spike counts and threshold crossing counts to evaluate the benefit of sorting is confounded by the presence of hash. We find that when the comparison is controlled for hash, performing sorting is better than not. These results offer a new perspective on the question of to sort or not to sort.'], 'Sums of Spike Waveform Features for Motor Decoding.')",neuroprosthetics
"(['The overall strategy used by growing axons to find their correct paths during the nervous system development is not yet completely understood. Indeed, some emergent and counterintuitive phenomena were recently described during axon pathfinding in presence of chemical gradients. Here, a novel computational model is presented together with its ability to reproduce both regular and counterintuitive axonal behaviours. In this model, the key role of intracellular calcium was phenomenologically modelled through a non standard Gierer-Meinhardt system, as a crucial factor influencing the growth cone behaviour both in regular and complex conditions. This model was able to explicitly reproduce neuritic paths accounting for the complex interplay between extracellular and intracellular environments, through the sensing capability of the growth cone. The reliability of this approach was proven by using quantitative metrics, numerically supporting the similarity between in silico and biological results in regular conditions (control and attraction). Finally, the model was able to qualitatively predict emergent and counterintuitive phenomena resulting from complex boundary conditions.'], 'A hybrid computational model to predict chemotactic guidance of growth cones.')",neuroprosthetics
"(['Non-invasive brain stimulation (NIBS) combined with behavioral training is a promising strategy to augment recovery after stroke. Current research efforts have been mainly focusing on primary motor cortex (M1) stimulation. However, the translation from proof-of-principle to clinical applications is not yet satisfactory. Possible reasons are the heterogeneous properties of stroke, generalization of the stimulation protocols, and hence the lack of patient stratification. One strategy to overcome these limitations could be the evaluation of alternative stimulation targets, like the cerebellum. In this regard, first studies provided evidence that non-invasive cerebellar stimulation can modulate cerebellar processing and linked behavior in healthy subjects. The cerebellum provides unique plasticity mechanisms and has vast connections to interact with neocortical areas. Moreover, the cerebellum could serve as a non-lesioned entry to the motor or cognitive system in supratentorial stroke. In the current article, we review mechanisms of plasticity in the cortico-cerebellar system after stroke, methods for non-invasive cerebellar stimulation, and possible target symptoms in stroke, like fine motor deficits, gait disturbance, or cognitive impairments, and discuss strategies for multi-focal stimulation.'], 'Non-invasive Cerebellar Stimulation: a Promising Approach for Stroke Recovery?')",neuroprosthetics
"(['The performance of brain-machine interfaces (BMIs) that continuously control upper limb neuroprostheses may benefit from distinguishing periods of posture and movement so as to prevent inappropriate movement of the prosthesis. Few studies, however, have investigated how decoding behavioral states and detecting the transitions between posture and movement could be used autonomously to trigger a kinematic decoder. We recorded simultaneous neuronal ensemble and local field potential (LFP) activity from microelectrode arrays in primary motor cortex (M1) and dorsal (PMd) and ventral (PMv) premotor areas of two male rhesus monkeys performing a center-out reach-and-grasp task, while upper limb kinematics were tracked with a motion capture system with markers on the dorsal aspect of the forearm, hand, and fingers. A state decoder was trained to distinguish four behavioral states (baseline, reaction, movement, hold), while a kinematic decoder was trained to continuously decode hand end point position and 18 joint angles of the wrist and fingers. LFP amplitude most accurately predicted transition into the reaction (62%) and movement (73%) states, while spikes most accurately decoded arm, hand, and finger kinematics during movement. Using an LFP-based state decoder to trigger a spike-based kinematic decoder [r = 0.72, root mean squared error (RMSE) = 0.15] significantly improved decoding of reach-to-grasp movements from baseline to final hold, compared with either a spike-based state decoder combined with a spike-based kinematic decoder (r = 0.70, RMSE = 0.17) or a spike-based kinematic decoder alone (r = 0.67, RMSE = 0.17). Combining LFP-based state decoding with spike-based kinematic decoding may be a valuable step toward the realization of BMI control of a multifingered neuroprosthesis performing dexterous manipulation.'], 'State-based decoding of hand and finger kinematics using neuronal ensemble and LFP activity during dexterous reach-to-grasp movements.')",neuroprosthetics
"(['Although recent studies on self-consciousness emphasized the importance of bodily processing and multisensory integration, such research has focused solely on bodily signals originating from the outside of the body (i.e., exteroceptive bodily signals) or internal bodily signals from visceral organs (i.e., interoceptive bodily signals) and how each system contributes to self-consciousness, without much interaction between the two approaches. Reviewing the latest evidence on interoceptive bodily processing and the combination of exteroceptive and interoceptive bodily signals for self-consciousness, we propose an integrated neural system reconciling these two largely separated views and delineate how it accounts for fundamental aspects of self-consciousness such as self-identification and self-location, as well as its experienced global unity and temporal continuity.'], 'Coupling Inner and Outer Body for Self-Consciousness.')",neuroprosthetics
"(['In non-human primates several brain areas contain neurons that respond to both vestibular and somatosensory stimulation. In humans, vestibular stimulation activates several somatosensory brain regions and improves tactile perception. However, less is known about the spatio-temporal dynamics of such vestibular-somatosensory interactions in the human brain. To address this issue, we recorded high-density electroencephalography during left median nerve electrical stimulation to obtain Somatosensory Evoked Potentials (SEPs). We analyzed SEPs during vestibular activation following sudden decelerations from constant-velocity (90°/s and 60°/s) earth-vertical axis yaw rotations and SEPs during a non-vestibular control period. SEP analysis revealed two distinct temporal effects of vestibular activation: An early effect (28-32ms post-stimulus) characterized by vestibular suppression of SEP response strength that depended on rotation velocity and a later effect (97-112ms post-stimulus) characterized by vestibular modulation of SEP topographical pattern that was rotation velocity-independent. Source estimation localized these vestibular effects, during both time periods, to activation differences in a distributed cortical network including the right postcentral gyrus, right insula, left precuneus, and bilateral secondary somatosensory cortex. These results suggest that vestibular-somatosensory interactions in humans depend on processing in specific time periods in somatosensory and vestibular cortical regions.'], 'Distinct vestibular effects on early and late somatosensory cortical processing in humans.')",neuroprosthetics
"(['While remarkable progress has been made in brain-machine interfaces (BMIs) over the past two decades, it is still difficult to utilize neural signals to drive artificial actuators to produce predictive movements in response to dynamic stimuli. In contrast to naturalistic limb movements largely based on forward planning, brain-controlled neuroprosthetics mainly rely on feedback without prior trajectory formation. As an important sensorimotor interface integrating multisensory inputs and efference copy, the posterior parietal cortex (PPC) might play a proactive role in predictive motor control. Here it is proposed that predictive neural activity in PPC could be decoded to provide prosthetic control signals for guiding BMI systems in dynamic environments.'], 'Forward Prediction in the Posterior Parietal Cortex and Dynamic Brain-Machine Interface.')",neuroprosthetics
"(['Stimulation of peripheral nerves has transiently restored lost sensation and has the potential to alleviate motor deficits. However, incomplete characterization of the long-term usability and bio-integration of intra-neural implants has restricted their use for clinical applications. Here, we conducted a longitudinal assessment of the selectivity, stability, functionality, and biocompatibility of polyimide-based intra-neural implants that were inserted in the sciatic nerve of twenty-three healthy adult rats for up to six months. We found that the stimulation threshold and impedance of the electrodes increased moderately during the first four weeks after implantation, and then remained stable over the following five months. The time course of these adaptations correlated with the progressive development of a fibrotic capsule around the implants. The selectivity of the electrodes enabled the preferential recruitment of extensor and flexor muscles of the ankle. Despite the foreign body reaction, this selectivity remained stable over time. These functional properties supported the development of control algorithms that modulated the forces produced by ankle extensor and flexor muscles with high precision. The comprehensive characterization of the implant encapsulation revealed hyper-cellularity, increased microvascular density, Wallerian degeneration, and infiltration of macrophages within the endoneurial space early after implantation. Over time, the amount of macrophages markedly decreased, and a layer of multinucleated giant cells surrounded by a capsule of fibrotic tissue developed around the implant, causing an enlargement of the diameter of the nerve. However, the density of nerve fibers above and below the inserted implant remained unaffected. Upon removal of the implant, we did not detect alteration of skilled leg movements and only observed mild tissue reaction. Our study characterized the interplay between the development of foreign body responses and changes in the electrical properties of actively used intra-neural electrodes, highlighting functional stability of polyimide-based implants over more than six months. These results are essential for refining and validating these implants and open a realistic pathway for long-term clinical applications in humans.'], 'Long-term usability and bio-integration of polyimide-based intra-neural stimulating electrodes.')",neuroprosthetics
"(['[This corrects the article on p. 166 in vol. 9, PMID: 26858610.].'], 'Corrigendum: Distribution of 28 kDa Calbindin-Immunopositive Neurons in the Cat Spinal Cord.')",neuroprosthetics
"(['Non-invasive Brain-Computer Interfaces (BCI) have demonstrated great promise for neuroprosthetics and assistive devices. Here we aim to investigate methods to combine Electroencephalography (EEG) and functional Near-Infrared Spectroscopy (fNIRS) in an asynchronous Sensory Motor rhythm (SMR)-based BCI. We attempted to classify 4 different executed movements, namely, Right-Arm-Left-Arm-Right-Hand-Left-Hand tasks. Previous studies demonstrated the benefit of EEG-fNIRS combination. However, since normally fNIRS hemodynamic response shows a long delay, we investigated new features, involving slope indicators, in order to immediately detect changes in the signals. Moreover, Common Spatial Patterns (CSPs) have been applied to both EEG and fNIRS signals. 15 healthy subjects took part in the experiments and since 25 trials per class were available, CSPs have been regularized with information from the entire population of participants and optimized using genetic algorithms. The different features have been compared in terms of performance and the dynamic accuracy over trials shows that the introduced methods diminish the fNIRS delay in the detection of changes.'], 'Hybrid EEG-fNIRS Asynchronous Brain-Computer Interface for Multiple Motor Tasks.')",neuroprosthetics
"(['Vestibular nucleus neurons have been shown to respond to stimulation of afferents innervating the limbs. However, a limitation in the potential translation of these findings is that they were obtained from decerebrate or anesthetized animals. The goal of the present study was to determine whether stimulation of hindlimb nerves similarly affects vestibular nucleus neuronal activity in conscious cats, and whether the responsiveness of neurons to the stimuli is altered following a bilateral labyrinthectomy. In labyrinth-intact animals, the firing rate of 24/59 (41%) of the neurons in the caudal vestibular nucleus complex was affected by hindlimb nerve stimulation. Most responses were excitatory; the median response latency was 20 ms, but some units had response latencies as short as 10 ms. In the first week after a bilateral labyrinthectomy, the proportion of vestibular nucleus neurons that responded to hindlimb nerve stimulation increased slightly (to 24/55 or 44% of units). However, during the subsequent postlabyrinthectomy survival period, the proportion of vestibular nucleus neurons with hindlimb inputs increased significantly (to 30/49 or 61% of units). Stimuli to hindlimb nerves needed to elicit neuronal responses was consistently over three times the threshold for eliciting an afferent volley. These data show that inputs from hindlimb afferents smaller than those innervating muscle spindles and Golgi tendon organs affect the processing of information in the vestibular nuclei, and that these inputs are enhanced following a bilateral labyrinthectomy. These findings have implications for the development of a limb neuroprosthetics device for the management of bilateral vestibular loss.'], 'Responses of vestibular nucleus neurons to inputs from the hindlimb are enhanced following a bilateral labyrinthectomy.')",neuroprosthetics
"(['This study aimed at investigating the organization of joint angle variability during walking by using the uncontrolled manifold (UCM) theory. We tested two hypotheses: i. the coordinative mechanism underlying joint angle variance during the stance phase is compatible with a kinematic synergy that stabilizes the centre of mass (CoM) position; ii. the walking speed affects the variance components onto and orthogonal to the UCM. Eight healthy subjects (26.0±2.0years old) steadily walked on a treadmill at five normalised speeds (from 0.62±0.03m/s to 1.15±0.07m/s). Joint angles and foot orientation, and components of the CoM position were, respectively, used as elemental variables and task performance for the UCM implementation. The effect of speed, time events, and variance components on the distribution of data variance in the space of joint angles was analyzed by the ANOVA test. Results corroborated the hypothesis that the variance of elemental variables is structured in order to minimize the stride-to-stride variability of the CoM position, at all speeds. Noticeably, both variance components increase during the propulsive phase, albeit that parallel to the UCM was always grater than the orthogonal one. Accordingly, the observed kinematic synergy is supposed to contribute to accomplishing an efficient transition between two steps. Results also revealed that the walking speed does not affect the partitioning of elemental variables-related variance onto and orthogonal to the UCM. Accordingly, the organization of leg joint variance underlying the stabilization of CoM position remains almost unaltered across speeds.'], 'Uncontrolled manifold hypothesis: Organization of leg joint variance in humans while walking in a wide range of speeds.')",neuroprosthetics
"(['Amputees who wish to rid themselves of a phantom limb must weaken the neural representation of the absent limb. Conversely, amputees who wish to replace a lost limb must assimilate a neuroprosthetic with the existing neural representation. Whether we wish to remove a phantom limb or assimilate a synthetic one, we will benefit from knowing more about the developmental process that enables embodiment. A potentially critical contributor to that process is the spontaneous activity - in the form of limb twitches - that occurs exclusively and abundantly during active (REM) sleep, a particularly prominent state in early development. The sensorimotor circuits activated by twitching limbs, and the developmental context in which activation occurs, could provide a roadmap for creating neuroprosthetics that feel as if they are part of the body.'], 'Phantom Limbs, Neuroprosthetics, and the Developmental Origins of Embodiment.')",neuroprosthetics
"(['The Second International Workshop on Advances in Electrocorticography (ECoG) was convened in San Diego, CA, USA, on November 11-12, 2010. Between this meeting and the inaugural 2009 event, a much clearer picture has been emerging of cortical ECoG physiology and its relationship to local field potentials and single-cell recordings. Innovations in material engineering are advancing the goal of a stable long-term recording interface. Continued evolution of ECoG-driven brain-computer interface technology is determining innovation in neuroprosthetics. Improvements in instrumentation and statistical methodologies continue to elucidate ECoG correlates of normal human function as well as the ictal state. This proceedings document summarizes the current status of this rapidly evolving field.'], 'Proceedings of the Second International Workshop on Advances in Electrocorticography.')",neuroprosthetics
"(['Photovoltaic retinal prostheses theoretically offer the possibility of stand-alone high-resolution electrical stimulation of the retina. However, achieving focused epiretinal stimulation is particularly challenging because of axonal activation and electrical cell coupling. Recent evidence shows that long electric pulses permit a more focal activation of retinal ganglion cells, and non-rectangular waveforms induce higher network-mediated indirect activity.'], 'Capacitive-like photovoltaic epiretinal stimulation enhances and narrows the network-mediated activity of retinal ganglion cells by recruiting the lateral inhibitory network.')",neuroprosthetics
"(['The brain is an assembly of neuronal populations interconnected by structural pathways. Brain activity is expressed on and constrained by this substrate. Therefore, statistical dependencies between functional signals in directly connected areas can be expected higher. However, the degree to which brain function is bound by the underlying wiring diagram remains a complex question that has been only partially answered. Here, we introduce the structural-decoupling index to quantify the coupling strength between structure and function, and we reveal a macroscale gradient from brain regions more strongly coupled, to regions more strongly decoupled, than expected by realistic surrogate data. This gradient spans behavioral domains from lower-level sensory function to high-level cognitive ones and shows for the first time that the strength of structure-function coupling is spatially varying in line with evidence derived from other modalities, such as functional connectivity, gene expression, microstructural properties and temporal hierarchy.'], 'Decoupling of brain function from structure reveals regional behavioral specialization in humans.')",neuroprosthetics
"(['Constructing a robust emotion-aware analytical framework using non-invasively recorded electroencephalogram (EEG) signals has gained intensive attentions nowadays. However, as deploying a laboratory-oriented proof-of-concept study toward real-world applications, researchers are now facing an ecological challenge that the EEG patterns recorded in real life substantially change across days (i.e., day-to-day variability), arguably making the pre-defined predictive model vulnerable to the given EEG signals of a separate day. The present work addressed how to mitigate the inter-day EEG variability of emotional responses with an attempt to facilitate cross-day emotion classification, which was less concerned in the literature. This study proposed a robust principal component analysis (RPCA)-based signal filtering strategy and validated its neurophysiological validity and machine-learning practicability on a binary emotion classification task (happiness vs. sadness) using a five-day EEG dataset of 12 subjects when participated in a music-listening task. The empirical results showed that the RPCA-decomposed sparse signals (RPCA-S) enabled filtering off the background EEG activity that contributed more to the inter-day variability, and predominately captured the EEG oscillations of emotional responses that behaved relatively consistent along days. Through applying a realistic add-day-in classification validation scheme, the RPCA-S progressively exploited more informative features (from 12.67 ± 5.99 to 20.83 ± 7.18) and improved the cross-day binary emotion-classification accuracy (from 58.31 ± 12.33% to 64.03 ± 8.40%) as trained the EEG signals from one to four recording days and tested against one unseen subsequent day. The original EEG features (prior to RPCA processing) neither achieved the cross-day classification (the accuracy was around chance level) nor replicated the encouraging improvement due to the inter-day EEG variability. This result demonstrated the effectiveness of the proposed method and may shed some light on developing a realistic emotion-classification analytical framework alleviating day-to-day variability.'], 'Improving Cross-Day EEG-Based Emotion Classification Using Robust Principal Component Analysis.')",neuroprosthetics
"([""Vision is known to be shaped by context, defined by environmental and bodily signals. In the Taylor illusion, the size of an afterimage projected on one's hand changes according to proprioceptive signals conveying hand position. Here, we assessed whether the Taylor illusion does not just depend on the physical hand position, but also on bodily self-consciousness as quantified through illusory hand ownership. Relying on the somatic rubber hand illusion, we manipulated hand ownership, such that participants embodied a rubber hand placed next to their own hand. We found that an afterimage projected on the participant's hand drifted depending on illusory ownership between the participants' two hands, showing an implication of self-representation during the Taylor illusion. Oscillatory power analysis of electroencephalographic signals showed that illusory hand ownership was stronger in participants with stronger α suppression over left sensorimotor cortex, whereas the Taylor illusion correlated with higher β/γ power over frontotemporal regions. Higher γ connectivity between left sensorimotor and inferior parietal cortex was also found during illusory hand ownership. These data show that afterimage drifts in the Taylor illusion do not only depend on the physical hand position but also on subjective ownership, which itself is based on the synchrony of somatosensory signals from the two hands. The effect of ownership on afterimage drifts is associated with β/γ power and γ connectivity between frontoparietal regions and the visual cortex. Together, our results suggest that visual percepts are not only influenced by bodily context but are self-grounded, mapped on a self-referential frame.""], 'Self-Grounded Vision: Hand Ownership Modulates Visual Location through Cortical β and γ Oscillations.')",neuroprosthetics
"([""Peripersonal space (PPS) is created by a multisensory interaction between different sensory modalities and can be modified by experience. In this article, we investigated whether an auditory training, inside the peripersonal space area, can modify the PPS around the head in sighted participants. The auditory training was based on echolocation. We measured the participant's reaction times to a tactile stimulation on the neck, while task-irrelevant looming auditory stimuli were presented. Sounds more strongly affect tactile processing when located within a limited distance from the body. We measured spatially dependent audio-tactile interaction as a proxy of PPS representation before and after an echolocation training. We found a significant speeding effect on tactile RTs after echolocation, specifically when sounds where around the location where the echolocation task was performed. This effect could not be attributed to a task repetition effect nor to a shift of spatial attention, as no changes of PPS were found in two control groups of participants, who performed the PPS task after either a break or a temporal auditory task (with stimuli located at the same position of echolocation task). These findings show that echolocation affects multisensory processing inside PPS representation, likely to better represent the space where external stimuli, have to be localized.""], 'Enhanced audio-tactile multisensory interaction in a peripersonal task after echolocation.')",neuroprosthetics
"(['Bodily self-consciousness has become an important topic in cognitive neuroscience aiming to understand how the brain creates a unified sensation of the self in a body. Specifically, full body illusion (FBI) in which changes in bodily self-consciousness are experimentally introduced by using visual-tactile stimulation has led to improve understanding of these mechanisms. This paper introduces a novel approach to the classic FBI paradigm using a robotic master-slave system which allows us to examine interactions between action and the sense of body ownership in behavioral and MRI experiments. In the proposed approach, the use of the robotic master-slave system enables unique stimulation in which experimental participants can administer tactile cues on their own back using active self-touch. This active self-touch has never been employed in FBI experiments and it allows to test the role of sensorimotor integration and agency (the feeling of control over our actions) in FBI paradigms. The objective of this study is to propose a robotic-haptic platform allowing a new FBI paradigm including the active self-touch in MRI environments. This paper, first, describes the design concept and the performance of the prototype device in the fMRI environment (for 3T and 7T MRI scanners). In addition, the prototype device is applied to a classic FBI experiment, and we verify that the use of the prototype device succeeded in inducing the FBI. These results indicate that the proposed approach has a potential to drive advances in our understanding of human body ownership and agency by allowing novel manipulation and paradigms.'], 'A novel manipulation method of human body ownership using an fMRI-compatible master-slave system.')",neuroprosthetics
"([""Personally meaningful past episodes, defined as episodic memories (EM), are subjectively re-experienced from the natural perspective and location of one's own body, as described by bodily self-consciousness (BSC). Neurobiological mechanisms of memory consolidation suggest how initially irrelevant episodes may be remembered, if related information makes them gain importance later in time, leading for instance, to a retroactive memory strengthening in humans.""], 'Subjective feeling of re-experiencing past events using immersive virtual reality prevents a loss of episodic memory.')",neuroprosthetics
"(['In three experiments we investigated the effects of visuo-tactile and visuo-vestibular conflict about the direction of gravity on three aspects of bodily self-consciousness: self-identification, self-location, and the experienced direction of the first-person perspective. Robotic visuo-tactile stimulation was administered to 78 participants in three experiments. Additionally, we presented participants with a virtual body as seen from an elevated and downward-directed perspective while they were lying supine and were therefore receiving vestibular and postural cues about an upward-directed perspective. Under these conditions, we studied the effects of different degrees of visuo-vestibular conflict, repeated measurements during illusion induction, and the relationship to a classical measure of visuo-vestibular integration. Extending earlier findings on experimentally induced changes in bodily self-consciousness, we show that self-identification does not depend on the experienced direction of the first-person perspective, whereas self-location does. Changes in bodily self-consciousness depend on visual gravitational signals. Individual differences in the experienced direction of first-person perspective correlated with individual differences in visuo-vestibular integration. Our data reveal important contributions of visuo-vestibular gravitational cues to bodily self-consciousness. In particular we show that the experienced direction of the first-person perspective depends on the integration of visual, vestibular, and tactile signals, as well as on individual differences in idiosyncratic visuo-vestibular strategies.'], 'Multisensory origin of the subjective first-person perspective: visual, tactile, and vestibular mechanisms.')",neuroprosthetics
"(['Despite enormous advances made in the development of external effector prosthetics over the last quarter century, significant questions remain, especially those concerning signal degradation that occurs with chronically implanted neuroelectrodes. Offering contributions from pioneering researchers in neuroprosthetics and tissue repair, Indwelling Neural Implants: Strategies for Contending with the In Vivo Environment examines many of these challenges, paying particular attention to how the healing of tissues surrounding an implant can impact the intended use of a device.'], 'Indwelling Neural Implants: Strategies for Contending with the In Vivo\nEnvironment.')",neuroprosthetics
"(['Recent research on bodily self-consciousness has assumed that it consists of three distinct components: the experience of owning a body (body ownership); the experience of being a body with a given location within the environment (self-location); and the experience of taking a first-person, body-centered, perspective on that environment (perspective). Here we review recent neuroimaging studies suggesting that at least two of these components-body ownership and self-location-are implemented in rather distinct neural substrates, located, respectively, in the premotor cortex and in the temporo-parietal junction. We examine these results and consider them in relation to clinical evidence from patients with altered body perception and work on a variety of multisensory, body-related illusions, such as the rubber hand illusion, the full body illusion, the body swap illusion and the enfacement illusion. We conclude by providing a preliminary synthesis of the data on bodily self-consciousness and its neural correlates.'], 'Bodily ownership and self-location: components of bodily self-consciousness.')",neuroprosthetics
"(['In recent years, consciousness has become a central topic in cognitive neuroscience. This review focuses on the relation between bodily self-consciousness - the feeling of being a subject in a body - and visual consciousness - the subjective experience associated with the perception of visual signals.'], 'Visual consciousness and bodily self-consciousness.')",neuroprosthetics
"(['Motor recovery after stroke is an unsolved challenge despite intensive rehabilitation training programs. Brain stimulation techniques have been explored in addition to traditional rehabilitation training to increase the excitability of the stimulated motor cortex. This modulation of cortical excitability augments the response to afferent input during motor exercises, thereby enhancing skilled motor learning by long-term potentiation-like plasticity. Recent approaches examined brain stimulation applied concurrently with voluntary movements to induce more specific use-dependent neural plasticity during motor training for neurorehabilitation. Unfortunately, such approaches are not applicable for the many severely affected stroke patients lacking residual hand function. These patients require novel activity-dependent stimulation paradigms based on intrinsic brain activity. Here, we report on such brain state-dependent stimulation (BSDS) combined with haptic feedback provided by a robotic hand orthosis. Transcranial magnetic stimulation (TMS) of the motor cortex and haptic feedback to the hand were controlled by sensorimotor desynchronization during motor-imagery and applied within a brain-machine interface (BMI) environment in one healthy subject and one patient with severe hand paresis in the chronic phase after stroke. BSDS significantly increased the excitability of the stimulated motor cortex in both healthy and post-stroke conditions, an effect not observed in non-BSDS protocols. This feasibility study suggests that closing the loop between intrinsic brain state, cortical stimulation and haptic feedback provides a novel neurorehabilitation strategy for stroke patients lacking residual hand function, a proposal that warrants further investigation in a larger cohort of stroke patients.'], 'Coupling brain-machine interfaces with cortical stimulation for brain-state dependent stimulation: enhancing motor cortex excitability for neurorehabilitation.')",neuroprosthetics
"(['Control systems for human movement based on Functional Electrical Stimulation (FES) have shown to provide excellent performance in different experimental setups. Nevertheless, there is still a limited number of such applications available today on worldwide markets, indicating poor performance in real settings, particularly for upper limb rehabilitation and assistance. Based on these premises, in this paper we explore the use of an alternative control strategy based on co-activation of antagonist muscles using FES. Although co-contraction may accelerate fatigue when compared to single-muscle activation, knowledge from motor control indicate it may be useful for some applications. We have performed a simulation and experimental study designed to evaluate whether controllers that integrate such features can modulate joint impedance and, by doing so, improving performance with respect to disturbance rejection. The simulation results, obtained using a novel model including proprioceptive feedback and anatomical data, indicate that both stiffness and damping components of joint impedance may be modulated by using FES-induced co-activation of antagonist muscles. Preliminary experimental trials were conducted on four healthy subjects using surface electrodes. While the simulation investigation predicted a maximum 494% increase in joint stiffness for wrist flexion/extension, experiments provided an average elbow stiffness increase of 138% using lower stimulation intensity. Closed-loop experiments in which disturbances were applied have demonstrated that improved behavior may be obtained, but increased joint stiffness and other issues related to simultaneous stimulation of antagonist muscles may indeed produce greater errors.'], 'FES-induced co-activation of antagonist muscles for upper limb control and disturbance rejection.')",neuroprosthetics
"(['Operative neuromodulation is the field of altering electrically or chemically the signal transmission in the nervous system by implanted devices in order to excite, inhibit or tune the activities of neurons or neural networks and produce therapeutic effects. It is a rapidly evolving biomedical and high-technology field on the cutting-edge of developments across a wide range of scientific disciplines. The authors review relevant literature on the neuromodulation procedures that are performed in the spinal cord or peripheral nerves in order to treat a considerable number of conditions such as (a) chronic pain (craniofacial, somatic, pelvic, limb, or due to failed back surgery), (b) spasticity (due to spinal trauma, multiple sclerosis, upper motor neuron disease, dystonia, cerebral palsy, cerebrovascular disease or head trauma), (c) respiratory disorders, (d) cardiovascular ischemia, (e) neuropathic bladder, and (f) bowel dysfunction of neural cause. Functional neuroprosthetics, a field of operative neuromodulation, encompasses the design, construction and implantation of artificial devices capable of generating electrical stimuli, thereby, replacing the function of damaged parts of the nervous system. The present article also reviews important literature on functional neuroprostheses, functional electrical stimulation (FES), and various emerging applications based on microsystems devices, neural engineering, neuroaugmentation, neurostimulation, and assistive technologies. The authors highlight promising lines of research such as endoneural prostheses for peripheral nerve stimulation, closed-loop systems for responsive neurostimulation or implanted microwires for microstimulation of the spinal cord to enable movements of paralyzed limbs. The above growing scientific fields, in combination with biological regenerative methods, are certainly going to enhance the practice of neuromodulation. The range of neuromodulatory procedures in the spine and peripheral nerves and the dynamics of the biomedical and technological domains which are reviewed in this article indicate that new breakthroughs are likely to improve substantially the quality of life of patients who are severely disabled by neurological disorders.'], 'An introduction to operative neuromodulation and functional neuroprosthetics, the new frontiers of clinical neuroscience and biotechnology.')",neuroprosthetics
"(['No effective therapeutic interventions exist for severe neural pathologies, despite significant advances in regenerative medicine, rehabilitation, and neuroprosthetics. Our current hypothesis is that a specific combination of tissue engineering, pharmacology, cell replacement, drug delivery, and electrical stimulation, together with plasticity-promoting and locomotor training (neurorehabilitation) is necessary to interact synergistically in order to activate and enable all damaged circuits. We postulate that various convergent themes exist among the different therapeutic fields. Therefore, the objective of this review is to highlight the convergent themes, which we believe have a common goal of restoring function after neural damage. The convergent themes discussed in this review include modulation of inflammation and secondary damage, encouraging endogenous repair/regeneration (using scaffolds, cell transplantation, and drug delivery), application of electrical fields to modulate healing and/or activity, and finally modulation of plasticity.'], 'Toward a convergence of regenerative medicine, rehabilitation, and neuroprosthetics.')",neuroprosthetics
"(['Decoding speech from intracranial recordings serves two main purposes: understanding the neural correlates of speech processing and decoding speech features for targeting speech neuroprosthetic devices. Intracranial recordings have high spatial and temporal resolution, and thus offer a unique opportunity to investigate and decode the electrophysiological dynamics underlying speech processing. In this review article, we describe current approaches to decoding different features of speech perception and production - such as spectrotemporal, phonetic, phonotactic, semantic, and articulatory components - using intracranial recordings. A specific section is devoted to the decoding of imagined speech, and potential applications to speech prosthetic devices. We outline the challenges in decoding human language, as well as the opportunities in scientific and neuroengineering applications.'], 'The use of intracranial recordings to decode human language: Challenges and opportunities.')",neuroprosthetics
"(['Many neuroprosthetic applications require the use of very small, flexible multi-channel microelectrodes (e.g. polyimide-based film-like electrodes) to fit anatomical constraints. By arranging the electrode contacts on both sides of the polyimide film, selectivity can be further increased without increasing size. In this work, two approaches to create such double-sided electrodes are described and compared: sandwich electrodes prepared by precisely gluing two single-sided structures together, and monolithic electrodes created using a new double-sided photolithography process. Both methods were successfully applied to manufacture double-sided electrodes for stimulation of the vestibular system. In a case study, the electrodes were implanted in the semicircular canals of three guinea pigs and proven to provide electrical stimulation of the vestibular nerve. For both the monolithic electrodes and the sandwich electrodes, long-term stability and functionality was observed over a period of more than 12 months. Comparing the two types of electrodes with respect to the manufacturing process, it can be concluded that monolithic electrodes are the preferred solution for very thin electrodes (<20 μm), while sandwich electrode technology is especially suitable for thicker electrodes (40-50 μm).'], 'Development, manufacturing and application of double-sided flexible implantable microelectrodes.')",neuroprosthetics
"([""In real-life situations, we are often required to recognize our own movements among movements originating from other people. In social situations, these movements are often correlated (for example, when dancing or walking with others) adding considerable difficulty to self-recognition. Studies from visual search have shown that visual attention can selectively highlight specific features to make them more salient. Here, we used a novel visual search task employing virtual reality and motion tracking to test whether visual attention can use efferent information to enhance self-recognition of one's movements among four or six moving avatars. Active movements compared to passive movements allowed faster recognition of the avatar moving like the subject. Critically, search slopes were flat for the active condition but increased for passive movements, suggesting efficient search for active movements. In a second experiment, we tested the effects of using the participants' own movements temporally delayed as distractors in a self-recognition discrimination task. We replicated the results of the first experiment with more rapid self-recognition during active trials. Importantly, temporally delayed distractors increased reaction times despite being more perceptually different than the spatial distractors. The findings demonstrate the importance of agency in self-recognition and self-other discrimination from movement in social settings.""], '""Self pop-out"": agency enhances self-recognition in visual search.')",neuroprosthetics
"(['Millions of people worldwide are afflicted with paralysis from a disruption of neural pathways between the brain and the muscles. Because their cortical architecture is often preserved, these patients are able to plan movements despite an inability to execute them. In such people, brain machine interfaces have great potential to restore lost function through neuroprosthetic devices, circumventing dysfunctional corticospinal circuitry. These devices have typically derived control signals from the motor cortex (M1) which provides information highly correlated with desired movement trajectories. However, sensorimotor control simultaneously engages multiple cognitive processes such as intent, state estimation, decision making, and the integration of multisensory feedback. As such, cortical association regions upstream of M1 such as the posterior parietal cortex (PPC) that are involved in higher order behaviors such as planning and learning, rather than in encoding movement itself, may enable enhanced, cognitive control of neuroprosthetics, termed cognitive neural prosthetics (CNPs). We illustrate in this review, through a small sampling, the cognitive functions encoded in the PPC and discuss their neural representation in the context of their relevance to motor neuroprosthetics. We aim to highlight through examples a role for cortical signals from the PPC in developing CNPs, and to inspire future avenues for exploration in their research and development.'], 'Cognition in Sensorimotor Control: Interfacing With the Posterior Parietal Cortex.')",neuroprosthetics
"(['Translating conformable bioelectronic interface research into clinical reality foretells a promising future for an aging society.'], 'Conformable bioelectronic interfaces: Mapping the road ahead.')",neuroprosthetics
"(['This work reports a platform technology toward the development of closed-loop neuromodulation. A neural implant based on the SoC developed in our laboratory is used as an example to illustrate the necessary functionalities for the efficacious implantable system. We also present an example of using the system to investigate the epidural stimulation for partial motor function recovery after spinal cord injury in a rat model. This hardware-software co-design tool demonstrate its promising potential towards an effective closed-loop neuromodulation for various biomedical applications.'], 'Towards Closed-Loop Neuromodulation: A Wireless Miniaturized Neural Implant SoC.')",neuroprosthetics
"([""This article presents an online survey on medico-historical (neuro-)prostheses. Important findings of the past 3000 years are outlined: toe prostheses from ancient Egypt, the Capua leg prosthesis, Götz von Berlichingen's artificial hands and Sauerbruch's prosthetic arm. These historical examples are compared with modern neuroprosthetics. It is also shown that historical prostheses were in no way primitive and, even more, that ancient people already used first intelligent medical engineering approaches.""], '[[Medico-historical findings of (neuro-) prosthetics: an online survey].')",neuroprosthetics
"(['An implantable bi-directional brain-machine interface (BMI) prototype is presented. With sensing, algorithm, wireless telemetry, and stimulation therapy capabilities, the system is designed for chronic studies exploring closed-loop and diagnostic opportunities for neuroprosthetics. In particular, we hope to enable fundamental chronic research into the physiology of neurological disorders, define key electrical biomarkers related to disease, and apply this learning to patient-specific algorithms for therapeutic stimulation and diagnostics. The ultimate goal is to provide practical neuroprosthetics with adaptive therapy for improved efficiency and efficacy.'], 'An implantable bi-directional brain-machine interface system for chronic neuroprosthesis research.')",neuroprosthetics
"(['Dedicated multisensory mechanisms in the brain represent peripersonal space (PPS), a limited portion of space immediately surrounding the body. Previous studies have illustrated the malleability of PPS representation through hand-object interaction, showing that tool use extends the limits of the hand-centered PPS. In the present study we investigated the effects of a special tool, the wheelchair, in extending the action possibilities of the whole body. We used a behavioral measure to quantify the extension of the PPS around the body before and after Active (Experiment 1) and Passive (Experiment 2) training with a wheelchair and when participants were blindfolded (Experiment 3). Results suggest that a wheelchair-mediated passive exploration of far space extended PPS representation. This effect was specifically related to the possibility of receiving information from the environment through vision, since no extension effect was found when participants were blindfolded. Surprisingly, the active motor training did not induce any modification in PPS representation, probably because the wheelchair maneuver was demanding for non-expert users and thus they may have prioritized processing of information from close to the wheelchair rather than at far spatial locations. Our results suggest that plasticity in PPS representation after tool use seems not to strictly depend on active use of the tool itself, but is triggered by simultaneous processing of information from the body and the space where the body acts in the environment, which is more extended in the case of wheelchair use. These results contribute to our understanding of the mechanisms underlying body-environment interaction for developing and improving applications of assistive technological devices in different clinical populations.'], 'The wheelchair as a full-body tool extending the peripersonal space.')",neuroprosthetics
"(['Technical advances in the field of Brain-Machine Interfaces (BMIs) enable users to control a variety of external devices such as robotic arms, wheelchairs, virtual entities and communication systems through the decoding of brain signals in real time. Most BMI systems sample activity from restricted brain regions, typically the motor and premotor cortex, with limited spatial resolution. Despite the growing number of applications, the cortical and subcortical systems involved in BMI control are currently unknown at the whole-brain level. Here, we provide a comprehensive and detailed report of the areas active during on-line BMI control. We recorded functional magnetic resonance imaging (fMRI) data while participants controlled an EEG-based BMI inside the scanner. We identified the regions activated during BMI control and how they overlap with those involved in motor imagery (without any BMI control). In addition, we investigated which regions reflect the subjective sense of controlling a BMI, the sense of agency for BMI-actions. Our data revealed an extended cortical-subcortical network involved in operating a motor-imagery BMI. This includes not only sensorimotor regions but also the posterior parietal cortex, the insula and the lateral occipital cortex. Interestingly, the basal ganglia and the anterior cingulate cortex were involved in the subjective sense of controlling the BMI. These results inform basic neuroscience by showing that the mechanisms of BMI control extend beyond sensorimotor cortices. This knowledge may be useful for the development of BMIs that offer a more natural and embodied feeling of control for the user. Hum Brain Mapp 38:2971-2989, 2017.'], 'Cortical and subcortical mechanisms of brain-machine interfaces.')",neuroprosthetics
"(['Here we present an electroencephalographic (EEG) collection of 71-channel datasets recorded from 14 subjects (7 males, 7 females, aged 20-40 years) while performing a visual working memory task with a T set of 150 Independent Component Analysis (ICA) decompositions by Extended Infomax using RELICA, each on a bootstrap resampling of the data. These data are linked to the paper ""Applying dimension reduction to EEG data by Principal Component Analysis reduces the quality of its subsequent Independent Component decomposition"" [1]. Independent components (ICs) are clustered within subject and thereby associated with a quality index (QIc) measure of their stability to data resampling. Sets of single ICA decompositions obtained after applying Principal Component Analysis (PCA) to the data to perform dimension reduction retaining (85%, 95%, 99%) of data variance are also included, as are the positions of the best fitting equivalent dipoles for ICs whose scalp projections are compatible with a compact brain source. These bootstrap ICs may be used as benchmarks for different data preprocessing pipelines and/or ICA algorithms, allowing investigation of the effects that noise or insufficient data have on the quality of ICA decompositions.'], 'A visual working memory dataset collection with bootstrap Independent Component Analysis for comparison of electroencephalographic preprocessing pipelines.')",neuroprosthetics
"(['Neuroprosthetics and neuromodulation represent a promising field for several related applications in the central and peripheral nervous system, such as the treatment of neurological disorders, the control of external robotic devices, and the restoration of lost tactile functions. These actions are allowed by the neural interface, a miniaturized implantable device that most commonly exploits electrical energy to fulfill these operations. A neural interface must be biocompatible, stable over time, low invasive, and highly selective; the challenge is to develop a safe, compact, and reliable tool for clinical applications. In case of anatomical impairments, neuroprosthetics is bound to the need of exploring the surrounding environment by fast-responsive and highly sensitive artificial tactile sensors that mimic the natural sense of touch. Tactile sensors and neural interfaces are closely interconnected since the readouts from the first are required to convey information to the neural implantable apparatus. The role of these devices is pivotal hence technical improvements are essential to ensure a secure system to be eventually adopted in daily life. This review highlights the fundamental criteria for the design and microfabrication of neural interfaces and artificial tactile sensors, their use in clinical applications, and future enhancements for the release of a second generation of devices.'], 'Implantable Neural Interfaces and Wearable Tactile Systems for Bidirectional Neuroprosthetics Systems.')",neuroprosthetics
